keyword,qtd_filmes,receita_total_bi,receita_media_mi,receita_mediana_mi,roi_medio,nota_metadata_media,nota_usuarios_media
duringcreditsstinger,350,64.5,184.28,84.06,340.72,6.19,3.01
3d,113,47.93,424.17,246.23,303.09,6.23,2.88
aftercreditsstinger,183,42.47,232.1,102.22,16525.88,6.3,3.16
sequel,158,35.93,227.43,106.03,341.75,5.84,2.69
based on novel,312,33.77,108.25,37.41,307.76,6.54,3.4
superhero,83,30.33,365.44,280.0,222.85,6.26,3.06
based on comic,79,26.69,337.85,230.88,201.66,6.43,3.12
dystopia,166,23.96,144.35,51.86,371.24,6.43,3.23
marvel comic,43,21.68,504.23,449.33,261.26,6.44,3.18
magic,81,20.71,255.7,100.0,348.05,6.49,3.23
woman director,457,20.2,44.2,5.13,230.87,6.15,3.2
violence,245,18.57,75.8,26.67,485.85,6.34,3.24
alien,100,17.48,174.82,71.48,208.45,6.09,3.13
imax,28,16.25,580.5,437.48,326.09,6.77,3.18
revenge,188,15.14,80.54,19.45,694797.37,6.26,3.1
friendship,167,14.28,85.5,23.2,436.91,6.52,3.37
musical,147,14.15,96.23,31.67,590.29,6.55,3.3
animation,47,13.83,294.3,186.05,1102.95,6.88,3.45
murder,305,13.26,43.48,12.89,283.68,6.28,3.22
saving the world,39,11.9,305.17,300.22,295.89,6.34,3.21
dying and death,94,11.16,118.7,44.97,627.18,6.83,3.6
space,34,11.14,327.64,110.58,239.89,6.41,3.12
love,190,11.0,57.89,11.91,1366.82,6.4,3.3
marvel cinematic universe,14,10.82,772.58,661.14,309.27,7.02,3.67
suspense,159,10.48,65.93,12.6,217.86,6.28,3.33
witch,54,10.37,192.11,47.74,9660.47,6.28,3.28
future,59,10.24,173.48,33.46,156.35,6.41,3.24
space opera,23,9.86,428.87,263.92,817.39,6.93,3.5
daughter,84,9.78,116.39,52.87,528.79,6.57,3.55
super powers,32,9.73,304.07,262.52,338.51,6.42,3.1
island,53,9.67,182.45,38.76,474.59,6.13,3.18
secret identity,40,9.66,241.61,154.3,363.89,6.47,3.24
spy,54,9.65,178.78,117.77,517.31,6.24,3.33
los angeles,127,9.61,75.66,40.49,11068610.45,6.33,3.19
monster,71,9.45,133.05,30.93,304.25,5.95,3.11
battle,38,9.34,245.9,50.86,256.55,6.48,3.32
airplane,73,9.32,127.69,60.0,624.35,6.18,3.19
ship,38,9.17,241.36,40.5,287.36,6.63,3.55
father son relationship,92,9.12,99.15,29.07,333.81,6.58,3.39
family,111,9.06,81.58,37.31,1171.77,6.39,3.36
spaceship,28,9.04,322.81,113.08,365.92,6.52,3.61
based on young adult novel,42,9.03,214.94,101.72,301.45,6.42,3.08
london england,93,9.02,96.99,42.09,477.46,6.45,3.31
explosion,62,8.99,145.02,116.85,241.43,6.28,3.16
war,66,8.92,135.19,32.14,266.89,6.66,3.41
new york,123,8.79,71.48,32.26,280.25,6.2,3.19
sport,175,8.78,50.16,23.04,334.16,6.34,3.24
anthropomorphism,20,8.78,439.06,367.25,601.09,6.41,3.01
escape,84,8.59,102.29,24.27,226.29,6.3,3.21
wizard,12,8.48,706.98,840.36,429.59,7.1,3.64
hero,43,8.42,195.72,138.53,373.53,6.49,3.3
dc comics,30,8.36,278.56,187.86,175.29,6.1,2.89
biography,176,8.31,47.2,15.44,247.91,6.8,3.42
rescue,59,8.31,140.81,91.75,302.24,6.48,3.26
conspiracy,46,8.31,180.58,99.55,170.97,6.43,3.18
mission,30,8.31,276.86,206.15,301.55,6.36,3.24
secret agent,29,8.26,284.92,160.58,487.21,6.11,3.17
martial arts,89,8.25,92.66,33.83,1617295.88,6.18,3.28
love of one's life,61,8.12,133.05,58.9,1017.43,6.8,3.42
undercover,50,8.09,161.81,96.5,275.36,6.36,3.16
remake,86,8.02,93.23,43.65,199.53,5.89,2.8
police,160,7.94,49.65,19.82,468.03,6.34,3.3
robot,43,7.91,183.87,57.96,345.66,6.35,3.21
wedding,89,7.69,86.41,36.62,463.24,6.0,3.06
time travel,58,7.69,132.56,45.49,386.78,6.44,3.3
cia,60,7.65,127.52,76.88,169.29,6.32,3.33
best friend,58,7.56,130.43,38.55,960.09,6.28,3.22
corruption,74,7.5,101.34,44.64,263.01,6.62,3.43
scientist,55,7.43,135.1,62.0,192.33,6.1,3.1
world war ii,98,7.37,75.25,25.55,268.22,6.87,3.66
new york city,85,7.22,84.93,22.49,351.45,6.5,3.34
paris,81,7.21,89.05,16.84,288.95,6.63,3.36
terrorist,43,7.2,167.41,64.35,260.09,6.06,3.2
space travel,29,7.16,246.79,68.7,196.79,6.57,3.26
teenager,144,7.08,49.15,17.81,739.06,6.15,3.13
princess,33,7.08,214.58,171.76,948.7,6.58,3.35
vampire,65,7.03,108.19,28.17,174.68,5.87,2.96
soldier,50,6.95,138.99,29.72,10493957.87,6.4,3.45
elves,15,6.73,448.78,173.4,427.56,6.67,3.73
prison,115,6.69,58.21,17.38,210.79,6.57,3.39
dinosaur,24,6.63,276.38,93.08,454.32,5.97,2.95
orphan,37,6.58,177.89,73.03,728.72,6.76,3.51
assassin,56,6.53,116.53,72.44,261.79,6.3,3.2
fight,69,6.5,94.15,32.0,507.86,6.23,3.19
disaster,26,6.5,249.97,100.28,488.99,6.19,3.15
secret,58,6.44,110.97,33.68,238.1,6.47,3.44
romance,55,6.41,116.52,9.49,572.65,6.32,3.24
investigation,84,6.39,76.08,32.03,318.76,6.35,3.26
mutant,32,6.32,197.36,116.19,2596.75,6.11,3.07
werewolf,27,6.28,232.55,90.57,410.0,6.14,3.19
android,28,6.27,224.09,103.2,602.39,6.55,3.34
kidnapping,94,6.19,65.88,25.05,378.75,6.29,3.14
talking animal,23,6.07,263.72,205.84,480.63,6.17,3.34
female protagonist,28,6.05,215.9,67.2,236.18,6.5,3.4
shootout,57,6.03,105.84,42.07,220.46,6.31,3.23
post-apocalyptic,52,5.99,115.11,19.0,862.39,6.1,3.32
exotic island,19,5.94,312.63,144.06,787.07,6.43,3.14
queen,26,5.91,227.18,64.21,1413.01,6.1,2.99
sex,185,5.89,31.84,9.8,492.07,5.98,3.15
car,25,5.87,234.82,140.0,1424.77,6.5,2.86
artificial intelligence,32,5.81,181.44,78.97,227.15,6.69,3.36
army,36,5.79,160.86,70.27,812.13,6.7,3.28
ghost,47,5.78,123.07,61.65,1096.4,6.2,3.06
sword and sorcery,19,5.75,302.4,48.8,309.36,6.21,2.96
car race,20,5.73,286.28,196.73,1330.42,6.3,2.83
vigilante,25,5.7,227.82,28.26,393.54,6.69,2.96
riddle,21,5.7,271.26,229.4,592.77,6.44,3.46
helicopter,51,5.65,110.76,78.25,410.79,6.28,3.18
fbi agent,46,5.61,122.02,85.34,258.68,6.27,3.25
dog,63,5.59,88.76,35.29,807.2,6.28,3.25
brother brother relationship,74,5.56,75.18,23.91,305.44,6.49,3.27
british secret service,16,5.56,347.71,191.41,885.58,6.33,3.43
wife husband relationship,68,5.55,81.67,29.28,372.05,6.45,3.39
shipwreck,22,5.53,251.48,54.88,604.29,6.27,3.24
dragon,19,5.52,290.75,143.7,166.03,6.39,3.15
alien invasion,25,5.36,214.25,64.63,156.07,6.0,2.97
pirate,19,5.35,281.6,95.0,297.69,6.55,2.92
fairy tale,26,5.34,205.37,74.48,187.39,6.3,2.97
journalist,62,5.33,85.99,50.64,371.65,6.43,3.42
hospital,77,5.31,68.97,34.41,1515531.92,6.4,3.13
survival,48,5.3,110.52,52.64,262.99,6.51,3.33
detective,78,5.23,67.0,29.54,246.13,6.26,3.42
dream,61,5.22,85.63,12.01,545.94,6.56,3.42
fbi,55,5.2,94.53,56.71,160.43,6.27,3.13
jungle,36,5.19,144.11,61.08,450.85,6.1,3.31
flashback,58,5.18,89.3,29.39,302.33,6.41,3.27
traitor,18,5.1,283.54,81.59,272.41,6.48,3.16
betrayal,35,5.07,144.84,42.49,223.49,6.16,3.1
faith,40,5.06,126.6,48.06,548.1,6.39,3.46
loss of father,35,5.06,144.61,30.0,1640.4,6.76,3.56
space marine,31,5.06,163.25,63.8,645.98,6.48,3.18
fang vamp,17,5.04,296.31,215.53,384.5,6.14,2.87
hostage,48,5.01,104.34,42.99,275.12,6.21,3.27
based on true story,88,5.0,56.83,33.97,556.67,6.67,3.58
holiday,49,4.95,101.11,48.42,327.56,6.12,2.93
curse,26,4.93,189.47,47.89,411.72,5.97,2.87
bravery,15,4.92,328.25,88.49,409.74,6.96,3.64
nudity,153,4.89,31.93,9.8,652.45,6.1,3.28
forest,37,4.83,130.58,45.17,14997.55,6.12,3.09
amnesia,35,4.83,137.87,38.02,252.95,6.47,3.4
lawyer,61,4.81,78.79,57.14,331.27,6.51,3.41
treasure hunt,25,4.79,191.57,107.94,376.03,6.26,3.18
gunfight,32,4.67,145.98,75.29,338.82,6.45,3.29
car chase,42,4.66,110.99,55.86,330.33,6.34,3.13
loss of lover,24,4.66,194.16,63.15,472.74,6.75,3.5
rivalry,42,4.65,110.75,65.44,270.25,6.4,3.11
fantasy world,15,4.65,310.05,137.59,167.1,6.51,3.22
black magic,15,4.63,308.35,99.32,305.74,6.68,3.3
alien planet,10,4.63,463.45,97.49,181.21,6.02,3.02
friends,74,4.62,62.42,16.68,546.6,6.31,3.32
animal,20,4.61,230.38,148.1,206.92,6.04,2.84
crime fighter,18,4.6,255.49,131.4,310.52,6.56,3.13
self sacrifice,14,4.6,328.61,184.2,401.83,6.84,3.43
single,27,4.59,169.96,112.34,21152.71,6.44,3.52
father daughter relationship,33,4.58,138.86,29.54,204.5,6.62,3.41
england,45,4.55,101.19,59.6,714.75,6.62,3.47
high school,110,4.44,40.38,25.74,1034.38,6.15,3.09
kingdom,16,4.41,275.59,193.97,285.23,6.6,3.23
moon,17,4.4,259.04,68.7,380.56,6.43,3.1
monkey,21,4.35,207.11,70.69,448.15,6.3,3.44
romantic comedy,48,4.34,90.36,37.43,291.98,6.17,3.17
castle,27,4.33,160.52,51.0,819.76,6.79,3.45
parent child relationship,37,4.32,116.8,55.04,744.29,6.56,3.42
culture clash,16,4.32,270.25,36.95,2087.63,6.58,3.47
christmas,50,4.31,86.23,46.75,327.44,6.2,3.12
mountain,28,4.28,152.78,35.84,10326.61,6.6,3.35
brother sister relationship,49,4.25,86.67,23.62,1159.66,6.45,3.2
transformation,25,4.23,169.3,49.1,198.32,5.71,2.89
marriage crisis,23,4.22,183.49,142.85,899.92,7.08,3.64
based on video game,34,4.2,123.54,91.51,141.55,5.26,2.49
nasa,16,4.17,260.91,155.79,901.86,6.61,3.51
robbery,79,4.14,52.46,9.06,503.9,6.22,3.17
child hero,11,4.13,375.21,87.4,491.68,6.04,2.54
heist,36,4.09,113.48,25.47,237.75,6.36,3.02
jealousy,69,4.08,59.14,19.27,443.43,6.53,3.36
outer space,22,4.07,185.22,84.63,148.24,6.41,3.1
dna,10,4.07,407.44,283.62,335.06,6.1,3.02
futuristic,10,4.06,405.98,109.62,170.13,6.73,3.33
astronaut,25,4.05,162.09,60.87,193.93,6.4,3.18
flying,19,4.05,213.26,121.98,342.92,6.59,3.13
superhuman,10,4.05,404.98,411.58,205.68,6.6,3.45
doctor,52,4.04,77.65,18.58,462.63,6.29,3.16
vision,15,4.04,269.53,44.02,318.08,6.75,3.33
rebellion,12,4.04,337.05,126.63,1615.94,7.28,3.63
superhero team,10,4.04,403.54,151.36,204.04,6.16,2.71
society,10,4.03,402.71,73.29,442.86,7.38,3.89
marriage,73,4.02,55.13,13.82,2948.33,6.2,3.17
snow,25,4.02,160.87,34.71,11931.07,6.52,3.56
death,74,4.0,53.99,26.24,774.59,6.26,3.17
money,68,4.0,58.78,13.32,598.9,6.58,3.47
spacecraft,13,4.0,308.05,203.39,258.59,6.34,3.04
chase,54,3.99,73.87,23.65,166.78,6.32,3.3
zombie,48,3.98,83.02,14.55,1093.74,6.24,3.17
treasure,22,3.94,179.25,64.47,410.71,6.3,3.39
ocean,22,3.93,178.82,71.31,184.3,6.67,3.4
california,43,3.91,90.91,39.32,355.87,6.31,3.19
on the run,27,3.89,144.17,64.24,230.75,6.21,2.67
prince,25,3.84,153.69,65.71,746.43,6.26,3.25
assassination,41,3.83,93.41,67.31,413.56,6.62,3.59
animal horror,20,3.82,190.86,55.44,639.37,6.07,2.98
drug,128,3.78,29.54,11.48,200.69,6.26,3.2
archaeologist,21,3.78,179.96,86.57,480.18,6.01,3.21
san francisco,37,3.76,101.67,53.91,516.56,6.42,3.41
military,31,3.74,120.68,90.02,214.76,6.44,3.24
based on tv series,32,3.72,116.12,55.03,194.45,5.9,2.9
amusement park,18,3.71,205.96,67.31,666.5,6.64,3.51
chaos,19,3.69,194.29,55.0,862.03,6.61,3.21
government,32,3.68,114.86,67.13,727.44,6.63,3.38
female nudity,129,3.67,28.47,7.56,671.18,5.97,3.07
obsession,50,3.67,73.41,21.21,329.65,6.65,3.46
egypt,21,3.67,174.85,150.68,338.87,6.49,3.39
sea,25,3.66,146.29,51.84,320.43,6.43,3.45
competition,40,3.65,91.22,41.76,321.35,6.06,2.79
computer,25,3.62,144.92,34.44,455.38,5.92,2.88
serial killer,83,3.61,43.55,15.94,589.34,6.05,2.87
good vs evil,20,3.59,179.63,133.37,460.03,6.26,3.04
apocalypse,22,3.57,162.39,39.74,193.78,6.23,3.12
blood,71,3.56,50.11,17.76,1013.61,6.15,3.2
cyborg,22,3.56,161.6,65.69,270.09,6.37,3.49
intelligence,25,3.55,142.11,99.97,457.95,6.24,2.97
prophecy,19,3.53,185.67,57.27,463.85,6.34,3.14
new love,45,3.51,78.01,39.32,240.76,6.41,3.22
training,32,3.5,109.4,63.65,833.92,6.56,3.23
bear,18,3.48,193.61,90.62,293.83,6.18,3.24
hotel,57,3.45,60.6,12.0,569.7,6.54,3.37
villain,15,3.45,229.89,111.58,1211.2,6.25,3.28
rebel,18,3.44,191.38,55.79,730.36,6.99,3.89
nazis,43,3.4,79.16,11.74,376.71,7.11,3.88
usa president,38,3.4,89.37,50.16,144.15,6.28,3.22
archeology ,11,3.4,309.39,333.0,547.84,6.31,3.35
gore,59,3.38,57.3,16.55,1299.81,6.23,3.11
dual identity,14,3.38,241.54,119.9,493.56,6.54,3.37
suicide,82,3.36,40.92,10.62,216.0,6.54,3.44
gangster,60,3.36,56.02,27.62,1643.61,6.37,3.26
baby,43,3.36,78.11,35.74,3222.38,6.02,3.04
secret mission,15,3.36,223.9,161.78,1383.63,6.42,3.44
torture,48,3.34,69.61,25.05,2033.46,6.3,3.3
epic,21,3.34,158.94,30.0,300.02,6.82,3.63
christmas party,18,3.34,185.29,151.43,397.89,6.57,3.34
1970s,49,3.33,68.04,17.83,389.11,6.78,3.68
family relationships,41,3.33,81.17,19.0,221.33,6.31,3.21
rape,84,3.32,39.47,8.01,9510.1,6.58,3.52
party,79,3.32,41.97,15.58,590.45,6.02,3.09
bomb,34,3.32,97.7,41.51,237.31,6.45,3.31
pilot,29,3.32,114.49,68.35,791.05,6.26,3.15
death of a friend,20,3.32,166.04,34.66,350.63,5.82,2.64
afterlife,17,3.32,195.0,73.33,514.2,6.61,3.44
toy comes to life,13,3.27,251.89,84.3,853.03,6.28,3.18
car crash,45,3.26,72.5,34.42,139.3,6.21,3.09
hostility,14,3.24,231.08,102.69,812.82,7.01,3.55
kung fu,31,3.23,104.31,16.16,4243.71,6.55,3.7
fire,32,3.22,100.72,62.87,613.24,6.0,2.93
france,37,3.19,86.34,7.79,172.63,6.49,3.24
psychopath,56,3.16,56.41,17.87,403.88,6.13,3.08
demon,44,3.16,71.78,33.07,488.84,5.78,2.95
tiger,13,3.16,243.34,62.17,20514.24,6.61,3.47
killer,43,3.14,73.01,40.0,691.38,5.93,2.97
gun,44,3.09,70.25,9.01,1000.05,6.5,3.37
submarine,21,3.08,146.48,72.11,348.52,6.42,3.33
college,54,3.07,56.9,16.13,579.82,5.99,3.33
motorcycle,41,3.06,74.75,35.49,1439.62,6.12,3.09
animal attack,16,3.05,190.66,52.54,466.37,5.69,2.85
prostitute,73,3.04,41.68,7.0,478.21,6.45,3.28
divorce,52,3.04,58.51,40.11,209.47,6.28,3.41
adoption,28,3.04,108.42,63.64,224.23,6.36,3.27
uncle,14,3.04,217.42,58.0,389.43,6.27,3.33
marriage proposal,19,3.03,159.29,112.89,1713.59,6.77,3.37
alcohol,55,3.01,54.77,17.34,402.55,6.44,3.43
sister sister relationship,39,2.99,76.58,25.97,673.53,6.38,3.34
fantasy,26,2.99,115.17,63.0,273.07,6.51,3.01
strong woman,11,2.98,270.82,104.35,297.45,6.81,3.33
hitman,57,2.96,51.93,26.16,136.55,6.36,3.12
mother son relationship,27,2.96,109.57,24.92,344.84,6.78,3.35
school,38,2.95,77.58,19.36,418.33,6.73,3.39
mercenary,21,2.93,139.57,72.11,178.3,6.19,2.97
teleportation,10,2.93,292.64,182.27,185.96,6.31,3.01
teacher,59,2.91,49.33,11.88,221.06,6.7,3.5
sorcerer,10,2.9,290.44,85.5,273.42,6.01,3.38
criminal,48,2.89,60.25,21.1,142.19,6.36,3.14
crime,32,2.89,90.43,32.89,153.03,6.45,3.47
adultery,53,2.88,54.25,12.85,428.08,6.55,3.52
terrorism,27,2.88,106.6,41.42,189.45,6.37,3.26
automobile racing,11,2.88,261.57,181.81,516.76,6.8,3.06
period drama,14,2.87,205.07,92.4,175.17,6.64,3.45
immortality,20,2.86,143.24,46.81,209.74,6.36,2.84
based on play or musical,47,2.83,60.27,31.67,376.02,6.48,3.62
deception,32,2.83,88.41,36.09,110.36,6.24,3.2
falling in love,27,2.83,104.99,30.02,208.8,6.33,3.48
cowardliness,20,2.83,141.36,40.42,503.78,6.84,3.45
skeleton,11,2.83,257.65,149.22,337.12,6.41,3.25
china,27,2.82,104.63,27.54,81.33,6.55,3.44
chicago,32,2.81,87.9,51.85,474.22,6.66,3.49
forbidden love,24,2.81,116.98,54.89,333.32,6.53,3.22
fish,10,2.81,281.38,250.96,257.06,6.46,3.17
weapon,27,2.8,103.84,53.0,290.51,6.2,3.02
alcoholic,42,2.75,65.5,28.33,274.66,6.71,3.49
kiss,35,2.75,78.43,47.96,396.95,6.39,3.27
usa,35,2.75,78.56,35.56,16618.15,6.63,3.35
supernatural powers,18,2.75,152.99,41.64,181.07,5.82,3.01
museum,15,2.75,183.07,69.83,269.21,5.99,3.4
captain,12,2.75,229.21,20.94,175.67,6.53,3.39
sniper,24,2.74,114.33,75.63,254.66,6.72,3.27
halloween,22,2.74,124.66,23.28,1921.02,6.19,3.19
washington d.c.,21,2.74,130.61,71.07,216.07,6.34,3.32
blackmail,53,2.73,51.43,17.43,219.27,6.29,3.22
panic,10,2.73,273.22,113.27,5057.62,6.22,3.37
evil,24,2.72,113.13,36.8,1935.99,6.03,3.14
village,23,2.72,118.45,65.58,22092314.45,6.75,3.59
redemption,16,2.72,169.77,33.07,433.81,6.79,3.55
restaurant,34,2.71,79.75,31.31,4030.14,6.37,3.13
florida,24,2.71,112.81,66.12,793.17,6.43,3.4
sword,24,2.71,113.07,21.33,230.26,6.35,3.66
organized crime,21,2.71,129.14,26.41,343.81,6.68,3.31
dancing,33,2.7,81.79,40.03,729.99,6.37,3.23
single parent,18,2.68,148.96,45.71,513.7,6.59,3.24
comedy,36,2.67,74.17,32.45,340.86,6.21,2.91
shark,16,2.65,165.64,103.54,3554.78,5.61,2.71
reporter,32,2.64,82.49,32.19,223.89,6.21,3.34
prosecution,14,2.64,188.92,85.46,980.06,6.73,3.26
drug dealer,46,2.63,57.22,27.12,2203.84,6.39,3.33
cyberpunk,25,2.61,104.32,19.08,120.87,6.52,3.38
ancient world,13,2.61,201.1,111.13,168.96,6.45,3.32
wretch,13,2.59,198.96,79.82,111.19,5.64,2.51
japan,36,2.58,71.55,33.08,231.69,6.76,3.44
supernatural,45,2.57,57.17,25.5,519.47,6.03,2.99
race against time,15,2.57,171.33,70.02,414.75,6.41,3.22
music,57,2.56,44.9,18.32,783.82,6.62,3.32
pregnancy,41,2.56,62.55,18.93,221.14,6.04,3.13
male nudity,61,2.55,41.73,5.38,508.16,6.2,3.24
man vs machine,13,2.55,195.82,48.43,148.18,6.77,3.59
winter,25,2.54,101.59,25.0,240.32,6.41,3.43
attack,11,2.54,231.27,5.84,219.54,6.34,3.17
cold war,30,2.53,84.34,47.45,283.43,6.53,3.33
gold,25,2.53,101.22,21.38,258.91,6.3,3.28
underwater,12,2.53,210.62,40.94,242.26,6.43,3.1
cat,28,2.52,90.09,24.24,1310.51,6.5,3.24
airport,26,2.52,96.86,45.53,406.22,6.33,3.33
showdown,23,2.51,109.24,25.84,443.66,6.46,3.56
liberation,11,2.51,228.03,121.98,290.38,6.38,2.98
mother daughter relationship,48,2.49,51.97,10.5,229.11,6.09,3.59
inventor,18,2.49,138.22,125.57,324.36,6.56,3.26
extraterrestrial technology,14,2.49,177.59,158.45,875.07,6.5,3.38
missing person,13,2.48,190.69,60.53,393.15,6.38,3.19
isolation,21,2.47,117.85,35.4,408.98,7.01,3.66
resistance,20,2.47,123.56,38.12,515.28,6.94,3.46
christianity,15,2.47,164.45,39.04,278.61,6.65,3.36
lion,10,2.47,246.93,56.19,292.42,6.57,3.38
flying saucer,11,2.46,223.92,101.37,1065.36,6.58,3.34
small town,62,2.44,39.29,11.0,308.15,6.52,3.45
boxer,20,2.43,121.72,106.22,1101.33,6.65,3.39
secret love,23,2.42,105.3,38.9,719.56,7.07,3.68
sabotage,14,2.42,172.5,57.48,199.57,6.1,3.16
independent film,384,2.41,6.28,1.53,984.01,6.22,3.4
found footage,36,2.4,66.65,41.76,55967.45,5.6,2.85
secret society,12,2.4,200.15,144.58,258.24,6.19,2.83
anti hero,17,2.37,139.38,50.24,785.96,6.29,2.94
lovers,25,2.36,94.51,28.0,1501.8,6.26,3.23
bite,17,2.36,138.82,95.71,761.78,6.22,2.99
loss of child,13,2.36,181.41,88.04,1475.17,6.98,3.48
las vegas,21,2.35,111.88,27.44,180.85,6.02,2.91
president,15,2.35,156.4,66.79,103.16,6.27,2.95
child,24,2.34,97.31,49.47,1472.49,6.84,3.48
relationship,51,2.32,45.45,16.93,14324.63,6.52,3.44
vietnam veteran,16,2.32,144.75,59.36,502.5,6.58,3.55
burglar,15,2.32,154.91,53.0,662.66,6.53,3.25
mythology,13,2.32,178.53,61.28,234.7,6.08,2.93
foot chase,16,2.31,144.63,123.54,273.08,6.13,3.08
toy,12,2.3,191.35,104.46,249.54,6.32,3.13
cataclysm,11,2.29,208.16,119.95,4272.02,5.88,3.04
extramarital affair,56,2.28,40.79,17.66,673.81,6.31,3.3
partner,17,2.25,132.23,80.57,1850.2,6.58,3.21
racism,32,2.24,70.13,25.82,527.82,6.68,3.72
horse,30,2.24,74.75,33.55,151.63,6.45,3.48
gang,54,2.23,41.22,12.48,611.45,6.63,3.29
kids and family,12,2.23,185.88,184.0,349.25,6.17,3.02
agent,17,2.22,130.36,65.98,143.51,5.88,2.79
tragic love,11,2.22,201.84,20.0,907.01,6.83,3.11
mask,24,2.19,91.08,24.67,1573.65,5.95,2.93
sadism,19,2.18,114.56,11.53,149.56,6.19,3.3
ambush,17,2.18,127.95,65.98,350.37,6.46,3.24
bodyguard,14,2.18,155.97,35.44,244.14,6.34,3.3
court,26,2.17,83.47,41.08,192.26,7.02,3.69
anime,29,2.16,74.57,31.24,435.01,7.36,3.61
italy,21,2.16,102.77,51.97,670.58,6.75,3.63
africa,28,2.15,76.85,12.28,184.35,6.35,3.37
millionaire,27,2.15,79.59,43.85,278.66,6.38,3.32
bible,17,2.15,126.41,57.1,381.87,6.51,3.14
funeral,40,2.14,53.62,17.55,318.6,6.64,3.47
terror,28,2.14,76.6,29.06,533.87,6.16,3.21
river,25,2.14,85.68,45.17,305.85,6.69,3.84
superhuman strength,11,2.14,194.18,245.36,143.63,5.8,2.61
virtual reality,21,2.13,101.23,18.56,94.63,6.19,3.19
mutiny,12,2.1,175.32,17.72,195.63,6.78,3.31
radio,18,2.09,116.26,22.05,1717.63,6.58,3.47
emperor,16,2.08,130.16,29.02,187.68,6.32,3.17
individual,25,2.07,82.83,39.72,659.09,7.26,3.87
santa claus,16,2.06,128.57,86.74,186.2,6.06,3.11
dance,32,2.05,64.17,19.2,367.55,6.58,3.4
boarding school,14,2.05,146.69,26.6,282.26,6.59,3.27
beach,41,2.03,49.49,20.34,232.52,6.17,3.4
lovesickness,23,2.03,88.16,25.0,517.68,6.83,3.67
espionage,13,2.03,155.87,81.97,359.42,6.41,3.48
mermaid,13,2.03,156.0,87.4,319.48,6.45,3.25
based on children's book,11,2.03,184.6,100.65,190.67,6.45,2.9
psychiatrist,26,2.02,77.76,30.24,372.46,6.38,3.36
subway,19,2.02,106.08,35.43,599.58,6.37,3.43
neighbor,44,2.01,45.63,12.07,615.84,6.52,3.37
fistfight,21,2.01,95.83,56.36,294.35,6.53,3.2
vietnam war,21,2.01,95.63,22.81,631.42,6.61,3.55
wolf,16,2.01,125.68,38.69,145.29,6.11,3.42
secret intelligence service,12,2.01,167.11,173.61,1804.27,6.41,3.32
child abuse,25,2.0,80.06,12.53,478.73,6.76,3.54
bank,23,2.0,86.86,46.67,387.61,6.7,3.42
killer robot,14,2.0,142.94,58.38,178.13,6.04,3.06
police chase,11,2.0,182.26,154.03,507.33,6.88,3.31
volcano,10,2.0,200.01,100.89,320.35,6.09,2.89
brutality,19,1.99,104.52,23.44,463.7,6.34,3.28
unlikely friendship,12,1.99,166.15,39.52,438.66,6.65,3.31
desert,38,1.98,51.98,19.14,621.3,6.27,3.31
swimming pool,26,1.98,76.11,33.78,576.27,6.37,2.99
hacker,25,1.98,79.06,33.0,433.39,6.27,3.26
slavery,22,1.98,89.93,54.4,194.6,6.63,3.5
drug traffic,17,1.98,116.21,104.88,524.6,6.74,3.48
duel,15,1.98,131.68,38.96,218.04,6.25,2.92
road trip,43,1.97,45.91,22.77,320.59,6.26,3.23
southern usa,24,1.97,82.26,45.14,1309.75,6.93,3.61
cover-up,16,1.97,122.91,53.01,186.36,6.67,3.6
strip club,23,1.96,85.43,34.56,445.1,5.93,2.77
hand to hand combat,13,1.96,151.0,122.2,199.22,5.92,2.82
1960s,23,1.95,84.82,50.91,586.67,6.66,3.46
mouse,18,1.95,108.07,49.15,1056.88,6.54,3.23
missile,11,1.95,177.41,114.66,265.93,5.84,2.98
love triangle,39,1.94,49.66,10.46,401.15,6.48,3.77
fugitive,23,1.94,84.53,19.2,116.09,6.52,3.03
world war i,23,1.94,84.36,16.36,736.16,6.65,3.53
end of the world,14,1.94,138.53,30.25,171.77,5.85,3.25
explosive,11,1.94,176.44,64.35,377.31,6.51,3.43
infidelity,58,1.93,33.29,9.25,133.66,5.82,2.97
alcoholism,21,1.93,92.08,11.0,324.2,6.72,3.43
honeymoon,14,1.93,137.74,48.86,299.65,6.26,2.99
kids,11,1.93,175.7,92.22,219.64,6.26,2.94
rural setting,28,1.92,68.62,21.22,352.88,6.83,3.48
19th century,26,1.92,73.73,26.71,127.72,6.75,3.65
sheriff,45,1.91,42.34,16.0,242.36,6.18,3.18
street gang,26,1.91,73.64,31.43,460.24,6.84,3.21
thief,36,1.9,52.82,18.79,296.76,6.47,3.22
revolution,16,1.9,118.57,18.97,278.9,6.58,3.44
snake,11,1.9,172.75,21.59,164.86,6.07,3.31
gothic,10,1.9,190.2,56.64,190.7,6.2,2.8
transporter,14,1.89,135.34,118.59,1486.26,6.87,3.49
water,14,1.89,134.96,75.05,130.94,6.04,2.97
auto,10,1.89,189.07,118.78,394.31,6.15,3.04
baseball,37,1.88,50.75,38.31,255.4,6.07,3.2
black people,33,1.88,57.01,27.38,579.9,6.5,3.3
travel,30,1.88,62.54,9.76,212.58,6.28,3.29
children,27,1.88,69.69,55.18,911.36,6.28,3.01
underdog,23,1.88,81.93,53.0,1429.82,6.67,3.4
buddy cop,15,1.87,124.79,108.15,390.39,6.55,3.12
catholicism,15,1.86,124.27,44.79,307.17,6.37,3.25
native american,22,1.85,84.26,31.19,241.88,6.15,3.43
disaster movie,11,1.85,168.6,116.0,396.5,6.46,3.04
mexican standoff,14,1.84,131.39,126.32,167.17,6.48,3.49
zoo,10,1.84,183.77,78.73,516.32,6.26,3.05
american football,27,1.83,67.91,43.01,210.79,6.39,3.05
freedom,18,1.83,101.8,80.45,532.2,6.92,3.61
suspicion,12,1.83,152.39,24.84,570.08,6.75,3.42
sailing,11,1.83,166.03,48.19,165.44,6.32,3.25
taxi,22,1.82,82.93,30.91,433.84,6.74,3.37
mutation,16,1.82,113.45,55.13,830.75,6.21,2.97
confidence,11,1.82,165.8,49.78,558.89,6.77,3.47
18th century,10,1.82,182.27,41.78,159.82,6.79,3.54
slasher,43,1.81,42.08,21.72,2327.56,5.73,2.86
insanity,30,1.81,60.38,10.91,694.94,6.7,3.49
based on true events,27,1.81,67.18,20.97,151.56,6.73,3.43
journalism,19,1.81,95.22,46.36,199.04,6.97,3.6
singing,17,1.81,106.24,14.0,231.67,6.55,3.43
new identity,16,1.81,113.21,38.95,329.26,6.43,3.48
television,14,1.81,129.27,24.34,203.14,6.67,3.6
1980s,23,1.8,78.39,24.15,232.57,6.79,3.64
bridge,15,1.8,119.84,44.86,2030.28,6.61,3.42
priest,32,1.79,56.09,15.24,443.34,6.23,3.4
knight,18,1.79,99.69,39.45,218.67,6.37,3.16
car journey,12,1.79,149.05,108.79,232.46,6.49,3.15
forgiveness,12,1.79,149.43,46.39,200.54,6.62,3.32
falsely accused,15,1.78,118.53,57.27,1008.99,6.74,3.52
double life,10,1.78,178.35,151.74,362.99,6.25,3.25
marijuana,38,1.77,46.49,19.64,1116.77,6.5,3.27
technology,16,1.77,110.84,52.78,178.07,6.36,3.04
destroy,10,1.77,176.56,90.11,362.34,6.45,3.44
author,36,1.76,48.9,19.78,241.23,6.77,3.52
casino,23,1.76,76.63,18.72,494.07,6.07,3.0
civil war,17,1.76,103.82,9.0,1035.24,6.67,3.51
royalty,12,1.76,146.47,82.85,350.82,6.26,3.08
writer,44,1.75,39.69,11.53,150.42,6.6,3.64
mentor,10,1.75,174.63,38.86,114.48,6.48,3.2
coming of age,45,1.74,38.58,11.99,1465.36,6.78,3.64
suicide attempt,31,1.73,55.81,12.53,587.46,7.15,3.68
wish,14,1.73,123.77,87.34,419.72,6.09,2.82
himalaya,11,1.73,157.22,131.46,474.96,6.73,3.37
hallucination,26,1.72,66.11,20.62,134.53,6.53,3.26
war crimes,13,1.72,132.5,91.75,205.72,7.06,3.53
destiny,11,1.72,156.04,77.52,309.17,6.33,3.35
fireworks,11,1.72,156.32,28.01,264.52,6.48,3.55
book,24,1.71,71.21,29.79,192.51,6.4,3.4
love at first sight,16,1.71,106.78,70.82,2115.56,6.97,3.59
expedition,10,1.7,170.46,44.02,241.48,6.57,3.44
gay,62,1.69,27.29,5.61,14665.39,6.44,3.73
firemen,15,1.69,112.35,78.38,810.2,6.33,2.92
clone,14,1.68,120.13,109.27,158.21,6.28,3.18
general,13,1.68,128.95,89.8,197.5,6.62,3.26
key,11,1.68,152.62,55.25,78.38,6.29,3.21
game,10,1.68,167.87,10.96,285.0,6.43,3.31
experiment,23,1.67,72.56,30.0,3134.39,6.04,3.04
secret service,13,1.67,128.71,111.58,319.6,6.24,3.19
pig,11,1.67,152.12,83.56,323.72,6.28,3.16
church,33,1.66,50.2,17.19,847.77,6.44,3.15
kgb,15,1.66,110.92,59.91,712.44,5.99,3.33
storm,14,1.66,118.64,17.09,150.55,6.32,3.62
hope,11,1.66,151.0,18.93,192.26,6.75,3.32
dystopic future,14,1.65,117.89,68.56,101.33,6.22,2.97
ufo,10,1.65,164.83,44.82,426.1,5.97,3.24
mafia,32,1.64,51.12,22.0,240.05,6.69,3.34
train,28,1.64,58.58,14.45,119.69,6.29,3.15
tank,10,1.63,162.53,90.78,316.83,6.51,3.33
warrior,10,1.63,162.89,74.37,161.11,6.39,2.81
married couple,22,1.62,73.48,21.47,112.57,6.26,3.05
single mother,22,1.62,73.66,24.36,308.16,6.5,3.2
midlife crisis,19,1.62,85.14,38.37,781.32,6.29,3.2
journey,12,1.62,134.74,27.0,186.48,6.24,3.71
mission of murder,18,1.6,88.64,29.71,104.08,6.19,3.16
male friendship,22,1.59,72.06,29.83,330.3,6.47,3.15
berlin,19,1.59,83.45,20.8,347.19,6.73,3.55
virus,17,1.59,93.57,30.55,652.4,5.72,2.66
venice,13,1.59,121.96,78.9,667.6,6.49,3.24
nurse,24,1.58,65.83,11.4,4546104.53,6.32,3.33
boston,19,1.58,82.98,53.98,325.89,6.37,3.44
gas station,14,1.58,113.14,69.1,5177.9,6.34,3.09
neo-noir,40,1.57,39.33,17.17,134.56,6.6,3.71
father,23,1.57,68.35,25.01,603.24,6.45,3.45
religion,23,1.57,68.33,33.8,274.83,6.51,3.54
"manhattan, new york city",17,1.57,92.51,25.47,311.72,6.76,3.17
white house,16,1.57,97.89,56.53,112.26,6.33,3.26
dracula,13,1.57,120.61,33.0,137.51,6.1,3.27
patriotism,13,1.57,120.42,24.46,1553.69,7.11,3.71
laser,11,1.57,142.78,106.3,127.62,5.58,2.95
wilderness,26,1.56,60.04,14.5,776.04,6.61,3.39
bride,16,1.56,97.59,98.25,861.31,6.33,3.11
drug abuse,16,1.56,97.52,27.31,1725.73,6.48,3.51
ninja,14,1.56,111.49,30.49,320.27,5.86,2.86
wheelchair,25,1.55,61.94,17.95,753.78,6.53,3.69
nanny,18,1.55,86.15,62.56,595.42,6.16,3.06
female friendship,24,1.54,64.09,26.22,253.75,6.5,3.27
satire,20,1.54,77.03,18.75,1015.57,6.59,3.5
graduation,13,1.54,118.54,29.13,797.1,6.09,3.04
vatican,12,1.54,128.42,73.04,70.48,6.22,3.04
war veteran,11,1.54,140.34,50.24,2715.96,6.63,3.75
loss of mother,22,1.53,69.47,43.92,385.97,6.81,3.53
birthday,20,1.53,76.43,25.85,256.18,6.71,3.54
jew,15,1.53,102.26,41.23,438.1,6.89,3.67
monk,15,1.53,102.13,60.92,1361.95,6.35,3.08
cave,11,1.53,138.91,61.7,252.03,6.4,3.58
court case,29,1.52,52.32,23.0,135.39,6.76,3.58
philosophy,15,1.52,101.29,20.0,273.21,7.04,3.61
lie,26,1.51,58.04,27.66,379.3,6.46,3.42
age difference,21,1.51,71.95,25.0,425.17,6.86,3.6
teenage crush,14,1.51,107.94,18.04,667.5,6.58,3.28
stranded,13,1.51,116.13,50.16,228.16,6.24,3.13
fighter,11,1.51,137.13,27.17,164.85,6.3,2.79
mobster,25,1.5,60.13,20.25,324.13,6.47,3.31
coma,18,1.5,83.48,57.81,601.54,6.77,3.51
ensemble cast,14,1.5,107.13,91.74,463.99,6.31,3.05
u.s. army,16,1.48,92.49,61.46,275.13,6.25,3.09
secret organization,13,1.48,113.82,111.58,1673.93,6.29,3.42
boxing match,12,1.48,123.59,112.89,1632.53,6.69,3.36
planet,11,1.48,134.23,74.6,821.7,6.55,3.28
frankenstein,10,1.48,148.08,78.71,888.16,6.24,3.07
running,10,1.48,148.31,76.4,671.45,6.69,3.18
exorcism,16,1.47,92.11,34.89,1982.26,5.52,3.0
arrest,12,1.47,122.51,6.37,181.26,6.38,3.33
airplane crash,11,1.47,133.49,77.28,247.41,6.35,3.06
bondage,10,1.47,147.29,25.04,240.17,6.69,3.6
skyscraper,10,1.47,147.33,128.38,270.95,6.2,3.14
dark comedy,48,1.46,30.47,9.69,2631923.07,6.33,3.41
boat,24,1.46,60.92,11.38,273.0,6.24,3.41
russia,22,1.46,66.45,23.75,479.4,6.36,3.02
suspicion of murder,18,1.46,81.01,27.16,498.82,6.45,3.4
dream sequence,11,1.46,132.3,27.09,340.82,6.91,3.51
mayor,11,1.46,133.11,54.59,310.72,6.31,3.21
detroit,12,1.45,120.56,93.19,309.29,6.52,3.13
nightmare,39,1.44,36.88,13.08,3466.65,6.09,3.06
disappearance,21,1.44,68.78,15.37,377.8,6.38,3.43
sadness,17,1.44,84.94,18.93,915.02,6.94,3.33
thanksgiving,13,1.44,110.81,40.08,227.42,6.56,3.49
paranoia,33,1.43,43.31,13.79,199.87,6.42,3.42
politics,40,1.42,35.45,8.81,294.73,6.44,3.69
courtroom,18,1.42,79.04,49.95,416.19,6.92,3.61
u.s. navy,16,1.42,88.52,35.06,376.82,6.25,3.2
factory,13,1.42,108.95,14.4,94444739.73,6.98,3.34
ladykiller,17,1.41,83.17,70.1,67.62,6.11,3.27
fish out of water,12,1.41,117.58,95.85,390.85,6.42,2.98
viking,11,1.41,127.84,7.03,47.32,6.07,2.98
sitting on a toilet,10,1.41,140.59,131.62,668.5,6.42,3.19
extreme violence,31,1.4,45.27,23.0,244.4,6.29,3.46
spoof,29,1.4,48.45,31.06,566.46,6.04,3.18
politician,24,1.4,58.36,36.81,229.39,6.32,3.32
horror,17,1.4,82.22,25.17,34821.03,5.61,3.14
vietnam,16,1.4,87.43,23.38,378.24,6.66,3.84
home invasion,14,1.4,99.94,55.1,913.43,6.17,2.96
misfit,11,1.4,127.38,6.09,492.78,6.21,3.28
ice,10,1.39,139.36,64.31,438.09,6.47,3.1
trapped,15,1.38,92.21,44.79,2221.0,6.71,3.23
false identity,12,1.38,114.63,41.61,213.12,6.58,3.44
buddy comedy,11,1.38,125.65,158.67,407.94,6.25,2.97
new year's eve,14,1.37,98.08,42.02,321.56,6.26,3.12
memory loss,10,1.37,136.79,49.71,435.01,6.43,3.37
boy,23,1.36,59.02,28.12,289.05,6.46,3.28
1940s,18,1.35,74.77,17.79,475.0,7.07,3.99
combat,13,1.35,103.75,34.23,343.87,6.72,3.54
live action and animation,10,1.35,135.2,88.99,292.74,5.97,2.83
becoming an adult,23,1.34,58.25,41.23,1067.52,6.63,3.58
police operation,18,1.34,74.67,69.7,267.41,6.14,2.83
possession,18,1.34,74.6,23.92,1480.13,5.92,3.19
poison,16,1.34,83.58,47.0,1022.76,6.74,3.38
movie star,15,1.34,89.38,25.43,217.08,6.32,3.24
psychology,13,1.34,103.45,21.13,233.12,6.12,3.23
escape from prison,11,1.34,121.65,59.83,293.15,6.81,3.53
cheating,28,1.33,47.51,30.5,317.43,6.47,3.36
scotland,22,1.33,60.27,16.78,196.74,6.32,3.46
disguise,15,1.33,88.46,46.4,208.29,5.91,2.79
hawaii,13,1.33,102.07,51.84,276.25,6.3,3.53
cinema,10,1.33,132.5,11.31,237.69,7.08,3.62
science,18,1.32,73.2,26.66,454.75,6.26,3.34
surveillance,18,1.32,73.32,35.26,379.98,6.29,3.05
undercover agent,15,1.32,88.3,65.6,308.06,6.1,3.07
alien life-form,17,1.31,76.89,65.09,67.13,6.02,3.12
ballet,14,1.31,93.72,20.59,523.98,6.82,3.31
god,12,1.31,108.98,37.82,240.93,6.44,3.2
swordplay,12,1.31,109.23,65.49,294.68,6.74,3.43
adventure,21,1.29,61.54,20.8,64.12,6.11,3.2
ex-cop,16,1.29,80.61,34.63,157.46,6.15,3.23
undercover cop,14,1.29,92.17,49.32,130.13,6.16,3.19
letter,16,1.28,80.3,40.54,249.13,6.86,3.49
demonic possession,14,1.28,91.51,36.0,131939.23,5.7,3.03
orphanage,13,1.28,98.24,42.09,108.49,6.45,3.17
nightclub,22,1.27,57.58,16.62,135.02,6.2,2.89
mass murder,20,1.27,63.48,30.98,220.18,6.83,3.39
roman empire,11,1.27,115.48,25.3,313.5,6.4,3.31
student,48,1.26,26.32,10.31,83961.6,6.14,3.38
road movie,26,1.26,48.48,13.54,163.22,6.18,3.06
prisoners of war,15,1.25,83.31,27.2,381.66,6.75,3.57
cook,11,1.25,113.83,36.61,236.31,6.2,3.09
law,10,1.25,124.61,39.17,288.57,6.84,3.51
theater,10,1.25,124.93,1.22,376.61,6.58,3.39
gambling,29,1.24,42.88,15.37,919.31,6.16,3.25
police officer,27,1.24,45.97,25.03,162.38,6.16,2.96
haunted house,18,1.24,68.75,63.78,438.41,5.63,2.86
brothel,16,1.24,77.47,39.58,422.18,6.37,3.03
loss of family,16,1.24,77.78,62.33,199.43,6.83,3.44
slaughter,14,1.24,88.88,29.62,407.12,6.28,2.95
convict,13,1.24,95.64,32.2,179.21,6.29,3.2
haunting,12,1.24,103.63,84.36,118384.93,5.78,2.96
loss,12,1.24,103.22,16.38,260.72,6.7,3.03
soviet union,11,1.24,112.63,70.0,475.21,6.55,2.99
tattoo,19,1.23,64.61,13.15,224197.74,6.15,3.38
video game,16,1.23,76.57,12.15,283.44,5.94,3.09
alaska,12,1.23,102.75,45.67,226.92,6.51,3.4
governor,10,1.23,123.34,65.94,788.26,6.57,3.27
photography,18,1.22,67.78,42.3,539.26,6.82,3.27
parody,17,1.22,71.61,21.16,172.31,5.61,3.41
beauty,11,1.22,110.85,95.9,63.15,6.41,3.02
life and death,11,1.22,111.29,63.51,1274.54,6.86,3.34
motel,34,1.21,35.58,11.3,426.81,6.41,3.25
historical figure,31,1.21,39.1,24.8,186.2,6.65,3.35
young adult,21,1.21,57.4,31.72,195.59,6.38,3.26
lover (female),17,1.21,71.1,37.69,781.75,6.47,3.29
moscow,13,1.21,93.22,32.0,305.41,5.58,2.83
crocodile,10,1.21,121.08,76.89,1493.69,5.76,2.9
dysfunctional family,23,1.2,52.35,11.44,155.96,6.62,3.45
corpse,21,1.2,57.26,14.48,594.98,6.45,3.12
loneliness,21,1.2,57.34,14.98,335.02,6.96,3.9
christian,19,1.2,63.26,23.51,1404.06,6.67,3.6
spain,12,1.2,100.02,45.63,298.68,6.66,3.76
group of friends,11,1.2,108.66,67.31,437.23,6.45,3.29
samurai,11,1.2,108.98,17.56,61.64,7.12,3.45
bar,32,1.19,37.13,14.69,196.67,6.58,3.43
voodoo,13,1.19,91.84,44.2,41666.99,6.15,3.21
rage and hate,10,1.19,118.76,94.45,789.4,7.53,3.79
male female relationship,26,1.18,45.24,20.31,236.51,6.18,3.08
professor,23,1.18,51.16,31.43,277.58,6.53,3.5
concert,19,1.18,62.31,23.2,282.75,6.74,3.48
sword fight,19,1.18,61.97,14.06,133.06,5.86,2.99
nerd,16,1.18,73.7,24.65,299.32,5.99,3.08
pregnancy and birth,12,1.18,98.07,58.08,485.89,6.43,3.32
plan,10,1.18,117.53,83.75,369.54,6.45,3.23
mental illness,16,1.17,73.4,17.59,786.73,6.35,3.13
security guard,12,1.17,97.27,37.05,186.44,5.77,2.58
celebration,18,1.16,64.53,13.89,250.7,6.44,3.46
farm,17,1.16,68.34,63.1,374.9,6.12,3.16
retirement,12,1.16,96.82,49.82,118.58,6.72,3.48
eroticism,29,1.15,39.77,9.25,155.15,6.26,3.31
pistol,18,1.15,63.82,16.56,846.16,6.56,3.2
russian,15,1.15,76.38,14.01,94.39,5.93,2.95
rome,13,1.15,88.23,12.0,6982.28,6.39,3.36
assault,11,1.15,104.73,7.9,245.53,6.59,3.27
billionaire,10,1.15,115.29,30.21,260.45,5.75,2.32
painting,22,1.14,51.93,26.74,291.52,6.6,3.3
xenophobia,15,1.14,76.22,32.29,799.76,6.58,3.44
right and justice,14,1.14,81.41,54.74,399.93,7.04,3.57
single father,14,1.14,81.08,24.76,152.88,6.59,3.71
trainer,13,1.14,87.54,74.79,645.52,6.38,3.04
american civil war,11,1.14,103.4,26.83,157.19,6.45,3.12
australia,35,1.13,32.36,7.78,128.64,6.59,3.29
university,14,1.13,80.49,20.24,288.9,6.46,3.42
cancer,24,1.12,46.59,21.15,564.3,6.61,3.54
film making,12,1.1,91.31,34.3,181.86,6.79,3.66
summer,27,1.09,40.22,19.69,1063.65,6.24,3.25
teenage girl,25,1.09,43.44,17.11,379.71,6.69,3.47
unsociability,21,1.09,51.73,41.9,610.72,7.17,3.67
planned murder,17,1.09,64.4,11.85,1021.33,6.76,3.49
1930s,15,1.09,72.83,22.68,614.98,7.01,3.4
son,12,1.09,90.67,31.17,358.29,6.79,3.23
telepathy,11,1.09,98.81,38.87,156.17,6.19,3.05
youth,21,1.08,51.63,26.1,302.75,6.49,3.38
nuclear missile,10,1.08,108.16,115.6,551.66,6.3,3.26
wealth,16,1.07,66.83,29.06,420.99,6.16,3.09
psychologist,14,1.07,76.61,37.03,426.18,5.96,3.1
rap music,14,1.07,76.7,47.1,775.07,6.74,3.36
stalking,13,1.07,82.05,70.0,2363.23,6.14,3.33
miami,13,1.06,81.17,55.5,250.03,6.25,3.21
pop star,12,1.06,88.02,54.2,746.47,6.32,2.78
seduction,33,1.05,31.77,13.27,316.79,6.01,3.25
lake,16,1.05,65.4,25.39,1175.51,6.22,3.02
shotgun,16,1.05,65.48,24.73,763.34,6.48,3.43
diary,14,1.05,75.25,35.58,229.39,6.49,3.25
ambition,13,1.05,80.51,44.7,489.92,6.36,3.35
human animal relationship,12,1.05,87.69,44.64,958.91,6.89,3.32
based on graphic novel,11,1.05,95.07,75.51,98.2,6.54,3.27
indian lead,11,1.05,95.78,76.58,1416.74,6.91,3.23
hippie,10,1.05,104.95,32.11,1066.34,6.79,3.12
cult film,26,1.04,39.89,13.48,1306.8,6.61,3.6
prisoner,20,1.04,51.89,17.12,126.28,6.64,3.29
religion and supernatural,15,1.04,69.47,14.14,647.12,6.06,2.93
underworld,13,1.04,79.98,55.11,169.19,6.46,3.2
repayment,12,1.04,86.84,69.47,443.35,6.94,3.71
mexico,24,1.03,43.02,15.42,698.92,6.3,3.19
fear,21,1.03,49.12,6.46,711.06,6.22,3.27
history,15,1.03,68.93,15.48,99.03,6.61,3.13
woods,14,1.03,73.26,19.44,254.58,6.32,3.32
earthquake,12,1.03,85.9,47.0,329.04,6.2,3.38
iraq,12,1.03,86.01,35.77,142.95,6.75,3.48
scuba diving,12,1.03,86.13,85.59,4249.16,5.8,3.03
disaster film,11,1.03,93.83,74.21,644.45,6.07,3.01
killing,10,1.03,103.02,24.26,53.33,6.3,3.15
homophobia,17,1.02,60.04,25.61,331.9,6.82,3.53
upper class,16,1.02,63.86,45.52,2184.24,6.52,3.26
atomic bomb,12,1.02,84.63,37.41,403.83,6.38,3.18
terminal illness,12,1.02,85.35,59.05,278.44,6.68,3.54
mad scientist,10,1.02,101.7,44.15,600.15,6.9,3.6
new orleans,17,1.01,59.19,17.19,147.51,6.52,3.3
bachelor,12,1.01,83.96,57.78,529.06,6.35,3.13
pastor,10,1.01,101.08,46.58,117.06,6.14,3.2
career,23,1.0,43.48,30.53,97.59,6.19,2.85
newspaper,17,1.0,58.63,60.29,385.8,6.71,3.47
post traumatic stress  disorder,11,1.0,90.72,23.65,288.61,6.35,3.75
fighting,10,1.0,99.67,48.87,125.65,6.37,2.68
virgin,19,0.99,52.07,18.76,508.99,6.24,3.27
innocence,12,0.99,82.68,41.11,343.6,6.68,3.69
witness protection,11,0.99,90.19,55.04,310.11,6.04,2.99
middle east,10,0.99,99.42,21.63,136.96,6.28,3.53
narration,24,0.98,40.97,9.65,582.45,6.26,3.59
sexuality,22,0.98,44.76,14.06,359.5,6.24,3.32
knife,12,0.98,81.37,46.11,699.59,6.02,2.59
sexual obsession,10,0.98,98.3,27.05,488.21,6.6,3.5
texas,40,0.97,24.19,10.82,17439.71,6.51,3.43
stalker,19,0.97,51.15,36.64,578.39,6.13,3.26
british,18,0.97,53.94,9.57,266.72,6.45,3.42
telekinesis,16,0.97,60.92,33.63,392.01,5.97,2.93
company,12,0.97,80.71,21.89,97.87,6.3,3.4
fame,12,0.97,80.76,18.62,923.32,6.75,3.48
poker,11,0.97,88.61,37.8,352.81,6.63,3.66
survivor,19,0.96,50.42,25.0,378.0,6.31,3.36
cuba,13,0.96,73.93,35.4,108.96,6.81,3.39
smuggling,12,0.96,80.17,63.4,416.05,6.17,3.06
hoodlum,26,0.95,36.66,23.84,3337.38,6.39,3.31
bullying,17,0.95,56.0,9.87,766.78,6.74,3.58
bounty hunter,16,0.95,59.37,14.62,281.24,6.86,3.46
shakespeare,11,0.95,86.16,15.4,485.78,6.61,3.51
cop,19,0.94,49.3,22.61,119.54,5.72,2.8
taxi driver,15,0.94,63.0,19.78,311.77,6.28,3.35
bully,13,0.94,72.29,22.48,216.84,6.52,3.31
singer,30,0.93,31.04,5.85,235.95,6.39,3.53
police brutality,24,0.93,38.67,26.55,293.53,6.87,3.32
mother,21,0.93,44.06,23.55,521.57,6.65,3.74
jazz,17,0.93,54.86,6.0,286.37,6.92,3.28
drug lord,16,0.93,57.96,20.92,303.31,6.41,3.44
identity,16,0.93,57.83,26.52,210.8,6.99,3.69
1950s,14,0.93,66.49,46.19,238.43,6.96,3.93
nature,13,0.93,71.34,14.3,563.02,6.65,3.17
stop motion,13,0.93,71.57,69.93,1004.5,6.78,3.6
loss of husband,11,0.93,84.78,24.75,190.02,6.95,3.74
spirit,10,0.93,93.19,19.81,316.17,5.71,2.81
hip-hop,16,0.92,57.42,19.23,661.74,6.71,3.11
thailand,12,0.92,76.6,49.94,355.85,6.28,2.95
guitar,11,0.92,83.88,47.0,776.73,6.74,3.49
hostage-taking,11,0.92,83.6,44.55,114.92,5.95,3.01
prayer,11,0.92,83.79,34.71,258.15,6.42,3.59
teenage boy,11,0.92,83.75,22.96,204.82,6.35,3.54
waitress,27,0.91,33.76,21.79,483.13,6.16,3.11
one-night stand,19,0.91,48.15,6.86,575.08,6.17,3.2
date,14,0.91,64.93,28.34,264.64,6.09,3.3
fraud,13,0.91,70.23,10.65,439.98,6.79,3.61
tv show,13,0.91,70.12,54.6,212.88,6.28,3.24
photographer,24,0.9,37.64,19.65,387.79,6.74,3.57
india,25,0.89,35.72,18.13,375.03,6.63,3.5
memory,20,0.89,44.56,21.37,107.2,6.39,3.68
judge,19,0.89,46.73,35.0,126.65,6.73,3.41
hong kong,18,0.89,49.49,16.06,5201.2,6.49,3.47
olympic games,13,0.89,68.5,46.15,321.84,6.52,3.28
schizophrenia,13,0.89,68.1,30.11,53404.41,6.57,3.5
capitalism,15,0.88,58.96,17.44,660.12,6.51,3.71
drug smuggle,12,0.88,73.63,34.23,740.18,6.72,3.61
cow,10,0.88,88.43,43.4,143.83,6.26,3.25
elderly,10,0.88,88.0,84.97,261.16,6.52,2.71
hijacking,10,0.88,87.76,60.18,175.29,6.43,3.27
puppet,19,0.87,45.61,35.76,395.09,6.26,3.1
con man,17,0.87,50.92,10.65,302.11,6.39,3.55
police detective,14,0.87,61.91,32.27,148.47,6.09,2.97
illegal drugs,13,0.87,66.6,12.48,232.73,6.46,3.11
new jersey,12,0.87,72.37,10.35,624.27,6.36,3.41
climbing,11,0.87,78.89,35.69,283.92,6.55,3.54
apartment,20,0.86,43.22,18.67,530.62,6.62,3.4
brother,19,0.86,45.39,15.4,185.91,6.43,3.29
highway,15,0.86,57.53,18.49,276.06,6.48,3.31
desperation,14,0.86,61.18,39.25,354.17,6.86,3.41
family holiday,13,0.86,65.81,61.4,638.85,6.52,3.06
piano,12,0.86,71.46,15.29,3126.22,6.9,3.74
van,12,0.86,71.78,25.69,8740.3,6.63,3.35
humiliation,10,0.86,85.98,51.99,1182.5,6.08,3.15
vacation,22,0.85,38.76,26.88,379.48,6.05,2.65
african american,17,0.85,49.75,27.38,1003.89,6.91,3.36
mockumentary,17,0.85,50.25,12.3,739.32,6.51,3.24
witness,11,0.85,77.6,26.41,531.15,6.41,3.57
family vacation,10,0.85,84.53,74.46,184.13,6.18,2.67
sexism,10,0.85,85.04,65.14,334.19,6.56,3.17
theft,21,0.84,39.85,11.72,524.62,6.88,3.71
truck,17,0.84,49.26,12.01,2527.96,6.26,3.1
angel,16,0.84,52.78,19.17,185.35,6.48,3.39
circus,14,0.84,60.21,7.68,228.81,6.54,3.4
fairy,12,0.84,69.86,55.32,1711.43,6.52,3.44
job,12,0.84,69.91,25.71,208.16,6.48,3.43
teen movie,21,0.83,39.41,21.06,384.63,6.2,3.12
cell phone,14,0.83,59.37,27.66,231.46,6.29,3.08
actress,13,0.83,63.9,10.0,406.18,6.78,3.44
bus,12,0.83,69.15,7.99,452.85,6.81,3.28
film producer,12,0.83,69.25,8.34,366.46,6.88,3.62
infection,10,0.83,82.73,35.37,1367.29,5.86,3.17
settler,10,0.83,82.77,36.61,583.07,7.1,3.62
therapist,19,0.82,43.26,26.56,148.25,6.11,3.19
delusion,15,0.82,54.38,11.29,137.26,6.58,3.15
barn,10,0.82,81.98,28.28,330.19,6.0,3.31
private detective,20,0.81,40.73,17.17,344.4,6.48,3.47
dating,16,0.81,50.49,22.05,117.31,5.95,3.22
rain,14,0.81,58.01,13.8,603.24,6.68,3.76
autism,13,0.81,61.93,10.9,177.61,6.48,3.54
lover,12,0.81,67.1,29.25,135.02,6.42,3.49
passion,11,0.81,73.26,17.49,329.48,6.73,3.53
basketball,18,0.8,44.46,25.8,165.94,6.32,3.22
peasant,11,0.8,72.45,46.47,117.22,6.83,3.46
baby-snatching,10,0.79,79.37,34.39,750.24,6.38,3.41
drug addiction,23,0.78,34.0,17.19,213.36,6.89,3.52
power,15,0.78,52.17,23.69,127.92,6.53,3.42
vandalism,13,0.78,59.75,15.37,2173.41,6.47,3.0
widower,12,0.78,64.84,43.61,275.26,6.62,3.29
hollywood,29,0.77,26.7,5.1,308.3,6.17,3.63
architect,12,0.77,64.56,46.6,302.87,6.05,2.78
child prodigy,10,0.77,77.48,44.77,137.99,6.95,3.52
rock and roll,19,0.76,39.95,20.46,2225.96,6.57,3.64
sexual abuse,16,0.76,47.75,45.59,401.91,7.05,3.61
coming out,12,0.76,63.56,4.18,892.87,6.63,3.72
skiing,11,0.76,68.78,46.15,499.04,5.62,3.42
genetics,10,0.76,75.78,54.12,150.49,6.47,3.32
hotel room,17,0.75,43.82,47.38,342.58,6.63,3.54
jesus christ,11,0.75,68.57,14.16,316.43,6.75,3.36
outlaw,22,0.74,33.83,10.0,130.22,6.4,3.2
house,17,0.74,43.43,16.94,4136.5,6.39,3.17
crush,15,0.74,49.64,23.69,130.83,6.63,3.59
japanese,15,0.74,49.38,27.2,224.21,6.58,3.27
love letter,11,0.74,67.48,40.05,288.92,6.46,3.1
from rags to riches,10,0.74,73.75,40.35,814.4,6.86,3.55
humor,10,0.74,73.63,31.35,290.94,6.49,3.64
roommate,19,0.73,38.42,20.08,114.89,6.38,3.14
aids,17,0.73,43.09,20.3,190.39,6.81,3.34
dancer,17,0.73,42.85,10.72,335.24,6.12,3.23
loss of brother,13,0.73,55.8,41.4,182.78,6.58,3.31
femme fatale,12,0.73,60.6,15.43,178.71,6.68,3.13
darkness,11,0.73,66.81,38.86,629.48,5.97,3.51
nazi germany,10,0.73,72.57,15.8,157.95,7.07,4.09
new mexico,10,0.73,73.42,12.08,99.34,6.74,3.4
disfigurement,12,0.72,59.74,32.44,436.55,6.13,2.98
literature,12,0.72,59.81,45.34,414.8,6.74,3.63
attempted murder,11,0.72,65.17,41.16,1905.58,6.28,3.24
madness,11,0.72,65.88,5.0,462.85,6.77,3.32
senator,11,0.72,65.49,59.51,210.87,6.75,3.74
christmas eve,10,0.72,71.73,36.95,191.74,6.58,3.6
homicide,14,0.71,50.65,33.65,260.6,6.66,3.57
widow,24,0.7,29.16,10.23,438.91,6.56,3.34
one night,12,0.7,58.59,33.67,816.77,6.69,3.58
anarchic comedy,14,0.69,49.03,23.8,1394.21,6.96,3.74
fashion,14,0.69,48.97,15.0,176.84,5.89,2.97
execution,13,0.69,52.78,47.04,281.43,6.58,3.51
beautiful woman,12,0.69,57.7,32.94,52.44,5.45,3.0
coffin,11,0.69,62.93,10.0,235.79,6.15,3.47
diner,18,0.68,37.75,6.24,134.15,6.11,3.22
human experimentation,15,0.68,45.08,21.13,99.22,6.13,3.27
rock star,14,0.68,48.73,24.88,311.51,6.09,2.94
resurrection,10,0.68,68.17,42.59,452.85,5.64,2.5
madrid,16,0.67,41.77,2.64,560.03,6.91,3.65
success,16,0.67,41.68,32.82,66.56,6.14,3.24
liar,13,0.67,51.45,36.45,113.39,5.99,2.89
violent husband,11,0.67,61.28,23.0,513.79,6.97,3.44
blindness and impaired vision,15,0.66,44.05,19.84,159.27,6.68,3.53
film director,11,0.66,59.61,11.99,172.26,6.65,3.19
music band,11,0.66,59.63,34.42,1707.87,6.99,3.36
wall street,10,0.66,65.76,18.47,240.53,6.99,3.68
jewish,16,0.65,40.51,23.54,514.96,6.8,3.74
mistaken identity,15,0.65,43.64,13.8,78.52,6.25,3.43
loss of son,14,0.65,46.77,21.68,35.14,6.24,3.49
accident,12,0.65,53.86,20.59,217.63,6.43,3.49
great depression,12,0.65,54.14,10.32,94444673.26,7.37,3.73
lust,12,0.65,54.19,27.43,553.09,6.24,3.15
double cross,10,0.65,64.76,44.57,292.3,6.05,2.96
interracial relationship,14,0.64,45.53,18.33,681.27,6.47,3.44
little boy,11,0.64,57.81,47.3,175.47,6.35,2.46
underground,11,0.64,58.19,22.89,234.49,6.86,3.39
afghanistan,15,0.63,42.18,15.17,70.68,6.3,3.37
soccer,13,0.63,48.83,25.18,318.47,6.25,3.34
country music,10,0.63,63.14,53.32,255.26,6.52,3.76
flower,10,0.63,63.43,26.64,148.25,6.55,3.35
homosexuality,36,0.62,17.13,2.12,27051.27,6.54,3.66
sister,20,0.62,31.13,21.57,553.13,6.42,3.43
laboratory,12,0.62,51.98,15.84,857.44,6.33,3.43
women,10,0.62,61.63,30.22,209.46,6.18,3.24
depression,20,0.61,30.54,6.68,218.36,6.47,3.54
car accident,17,0.61,35.89,20.77,194.52,6.01,3.25
dirty cop,16,0.61,38.0,30.31,93.09,5.98,2.79
karate,13,0.61,46.82,20.2,14552022.81,5.61,3.04
teen comedy,13,0.61,47.27,13.0,405.82,6.06,3.23
business man,12,0.61,51.03,37.55,3054.27,6.26,3.01
stadium,10,0.61,60.93,38.64,268.19,6.74,3.62
wife,16,0.6,37.63,17.51,150.1,6.45,3.35
occult,11,0.6,54.28,29.4,1202.09,6.25,3.49
prank,11,0.6,54.42,10.6,443.77,6.35,3.34
spectacle,11,0.6,54.5,10.63,232.86,6.51,3.33
poetry,13,0.59,45.49,4.11,337.74,6.74,3.69
miracle,12,0.59,49.56,51.07,238.43,6.85,3.71
photograph,11,0.59,53.65,8.78,298.44,6.6,3.78
heart attack,11,0.58,52.45,40.9,229.33,6.83,3.74
justice,11,0.58,53.04,16.97,422.86,6.63,3.7
psychological thriller,11,0.58,52.63,23.62,389.72,6.25,3.24
whale,11,0.58,52.8,24.72,253.17,6.68,3.31
wrestling,11,0.58,52.31,16.09,426.9,6.59,3.1
department store,10,0.58,57.78,44.49,339.51,6.13,3.25
adolescence,12,0.57,47.3,17.65,620.39,6.57,3.45
shooting,12,0.57,47.23,8.35,110.15,6.42,3.21
american dream,11,0.57,51.45,25.1,165.17,6.79,3.73
desire,11,0.57,51.51,12.99,1668.42,6.08,2.77
based on short story,10,0.57,57.26,9.85,477.52,6.59,3.74
drunk,10,0.57,56.52,27.51,218.42,6.31,3.58
grief,19,0.56,29.56,7.54,76.3,6.13,3.08
immigrant,16,0.56,34.86,26.98,68.78,6.81,3.64
blood splatter,14,0.56,39.79,5.88,178.06,6.47,3.7
mystery,13,0.56,43.25,14.64,260.43,6.62,3.01
insomnia,11,0.56,50.52,3.45,159.65,6.77,3.22
athlete,10,0.56,56.08,17.32,98.06,5.49,2.54
high school student,10,0.56,56.2,25.69,821.13,6.75,3.25
ireland,19,0.55,28.95,20.0,1268.68,6.82,3.47
business,14,0.55,39.43,10.12,168.76,6.39,3.32
parallel world,14,0.55,39.57,6.2,7927.81,6.82,3.48
cowboy,12,0.55,45.99,27.09,795.95,6.88,3.74
disabled,12,0.55,46.23,24.77,461.63,6.98,3.79
education,12,0.55,45.57,13.7,344.98,6.48,3.46
girl,12,0.55,45.51,3.93,1773.14,6.75,3.37
handcuffs,11,0.55,49.84,19.51,271.8,5.83,2.81
bollywood,26,0.54,20.72,13.0,352.43,6.2,3.3
city,11,0.54,48.91,17.34,2596.02,6.55,3.22
police corruption,10,0.54,53.68,17.25,280.93,6.34,3.23
seattle,10,0.54,53.7,19.25,1938.16,6.36,3.51
incest,25,0.53,21.35,2.2,664.7,6.56,3.55
babysitter,11,0.53,48.32,54.84,3148.98,5.94,3.11
devil,11,0.53,48.25,14.14,64.42,5.24,2.67
soul,10,0.53,53.16,37.16,25.64,6.47,3.24
surrealism,24,0.52,21.58,5.23,4202.27,6.82,3.42
american,17,0.52,30.55,20.35,399.12,6.75,3.42
ex-girlfriend,13,0.52,40.28,18.47,227.35,5.98,3.15
hitchhiker,11,0.52,47.34,18.76,3479.11,6.0,2.78
womanizer,10,0.52,52.36,29.9,22.39,5.97,3.18
bank robber,17,0.51,29.82,25.84,247.55,6.47,3.03
unemployment,16,0.51,31.58,6.78,514.12,6.59,3.54
shower,15,0.51,34.24,6.0,1657.59,6.49,3.43
ransom,13,0.51,39.07,35.98,174.15,6.32,3.54
psychic,12,0.51,42.22,21.86,143290.52,6.2,3.24
bank robbery,18,0.5,27.68,12.53,151.66,6.38,3.07
french,13,0.5,38.47,13.47,117.42,6.82,3.39
homeless person,12,0.5,41.97,13.24,211.94,6.59,3.5
diving,11,0.5,45.6,44.43,4392.98,5.94,3.07
threat,10,0.5,49.81,9.51,452.13,6.7,3.57
stripper,17,0.49,28.8,17.01,347.69,5.96,3.26
actor,14,0.49,35.21,7.34,450.23,6.24,3.59
nun,14,0.49,35.29,14.89,223.98,6.64,3.21
tragedy,14,0.49,34.97,14.18,5878.49,6.55,3.12
ancient rome,13,0.49,37.68,30.0,145.46,6.02,3.23
gangster boss,12,0.49,40.82,31.82,348.27,6.57,3.52
trial,12,0.49,40.48,15.99,133.07,6.88,3.3
arson,11,0.49,44.99,28.59,112.63,6.45,3.33
research,10,0.49,49.18,29.06,168.57,6.62,3.47
supermarket,13,0.48,36.99,32.39,378.41,6.3,3.51
tourist,12,0.48,40.04,10.82,1335.12,6.18,3.53
germany,11,0.48,43.33,21.0,628.18,6.75,3.6
murderer,11,0.48,43.63,32.0,2821.13,6.55,3.44
ex-con,10,0.48,47.67,13.03,74.66,6.61,3.32
undead,10,0.48,47.93,14.4,258.49,6.31,3.11
heroin,20,0.47,23.38,5.55,3777.38,6.73,3.6
prom,15,0.47,31.19,17.76,406.78,5.83,2.68
break-up,11,0.47,42.3,19.27,104.78,5.77,3.02
artist,20,0.46,23.18,9.56,175.97,6.58,3.28
transvestism,12,0.46,38.54,33.75,1611.46,6.82,3.78
debt,11,0.46,41.52,28.01,541.52,6.14,3.14
muslim,14,0.45,32.42,9.34,120.84,6.81,3.77
policeman,13,0.45,34.78,10.7,284.42,6.54,3.08
addiction,11,0.45,41.24,11.0,264.89,6.82,3.48
biker,11,0.45,41.03,26.41,5028.54,6.08,3.02
drug use,10,0.45,45.13,9.3,255.13,5.95,3.16
lgbt,26,0.44,17.09,2.43,273.73,6.78,3.98
series of murders,19,0.44,22.94,15.94,145.87,5.89,3.25
illegal prostitution,16,0.44,27.26,7.05,256.68,6.95,3.54
smoking,15,0.44,29.53,24.06,94.6,6.66,3.5
colonel,10,0.44,44.42,6.22,113.5,6.54,3.24
cemetery,16,0.43,26.65,9.39,2925.63,6.08,3.31
cheerleader,10,0.43,43.39,17.56,201.73,5.78,3.2
morgue,10,0.43,43.26,28.39,726.65,6.3,2.99
gang war,11,0.42,38.24,22.49,925.35,6.72,3.28
loyalty,15,0.41,27.22,23.24,90.0,6.55,3.21
hypnosis,12,0.41,33.85,29.57,2330.78,6.26,3.23
twin brother,12,0.41,34.1,8.52,55.4,5.95,3.14
adult animation,11,0.41,37.16,6.0,163.61,6.25,2.97
loser,10,0.41,41.36,13.33,1621.38,6.53,3.58
death penalty,12,0.4,32.98,33.65,223.14,6.8,3.72
salesman,11,0.4,35.99,3.73,483.43,6.5,3.22
doppelganger,10,0.4,40.1,15.8,82.44,6.29,3.03
comedian,14,0.39,27.58,31.84,199.71,6.85,3.56
prostitution,17,0.38,22.35,4.16,120.32,6.4,3.34
pornography,15,0.38,25.49,17.69,21.43,6.27,3.35
voyeurism,10,0.38,38.29,13.85,553.88,6.34,3.14
cocaine,18,0.37,20.33,9.76,368.14,6.63,3.31
empowerment,10,0.37,37.48,26.69,213.49,6.82,3.21
musician,19,0.36,18.84,9.42,246.89,6.89,3.57
painter,16,0.36,22.24,4.85,244.89,6.28,3.25
older man younger woman relationship,14,0.36,25.92,9.66,335.99,6.38,3.3
punk,13,0.36,27.82,10.61,860.12,6.82,3.17
camping,12,0.36,29.82,15.76,554.54,6.0,3.15
blind date,10,0.36,36.1,29.69,313.28,5.65,2.61
girlfriend,16,0.35,21.91,12.56,422.08,6.07,3.26
guilt,14,0.35,24.75,18.4,159.8,6.45,3.2
masturbation,13,0.35,27.06,9.3,47.86,5.86,3.46
attempt to escape,10,0.35,34.65,25.22,649.05,6.73,3.43
movie in movie,10,0.35,34.97,8.0,91.83,6.44,3.33
canada,15,0.34,22.85,3.83,94.07,6.29,3.89
victim,13,0.34,26.36,9.8,382.33,6.42,3.39
classroom,10,0.34,33.88,14.14,283.26,6.54,3.19
female corpse,10,0.34,33.62,17.24,265.62,6.48,3.53
older woman younger man relationship,10,0.34,34.0,18.52,1164.59,6.36,3.06
decapitation,20,0.33,16.55,5.83,147.78,5.88,3.18
rock,14,0.33,23.87,10.61,-17.81,6.35,3.55
cabin,13,0.33,25.67,2.5,1373.57,6.13,3.56
relationship problems,13,0.33,25.27,16.99,97.6,6.24,3.32
drag queen,12,0.33,27.66,10.06,182.2,6.55,3.56
unrequited love,12,0.33,27.47,18.06,406.22,6.16,2.97
childhood memory,11,0.33,30.37,21.51,113.08,6.29,3.14
grieving,11,0.33,30.1,14.87,55.43,6.42,2.86
internet,11,0.33,29.91,7.56,708.11,6.25,2.91
overdose,11,0.33,29.85,8.41,87.17,6.85,3.68
bikini,10,0.33,32.9,14.14,44.87,5.45,2.8
maniac,11,0.32,29.17,16.55,3915.72,6.0,3.48
reunion,10,0.32,31.58,13.11,94.38,6.17,2.86
pedophilia,12,0.31,25.76,10.92,300.2,6.92,3.8
despair,10,0.31,31.15,21.84,132.42,6.99,3.76
song,10,0.31,31.5,14.94,1717.56,6.37,3.43
art,17,0.3,17.83,6.34,160.74,6.78,3.2
drama,17,0.3,17.92,2.69,631.72,6.11,3.52
arranged marriage,13,0.3,22.8,1.43,1007.92,7.1,3.7
drinking,13,0.3,23.43,7.02,227.02,6.4,3.44
cigarette smoking,12,0.3,24.87,11.35,159.23,6.91,3.59
prohibition,11,0.3,27.05,22.68,411.6,6.89,3.47
beating,10,0.3,29.66,24.74,168.82,6.66,3.25
illness,17,0.29,16.8,7.54,239.85,6.75,3.52
twins,16,0.29,18.03,13.15,47.56,6.02,3.22
vegetarian,12,0.29,24.33,6.55,19.06,6.07,3.06
manipulation,11,0.29,26.67,27.2,186.58,6.32,3.57
iraq war,10,0.29,29.47,25.84,133.86,6.37,3.53
night life,10,0.29,28.69,10.77,353.44,6.8,3.43
gunslinger,13,0.28,21.27,18.55,173.09,6.52,3.31
ice hockey,12,0.28,23.13,14.4,53.0,6.25,3.36
aging,11,0.28,25.66,17.65,54.13,6.65,3.62
black and white,11,0.28,25.57,1.83,-0.79,6.19,3.38
voyeur,10,0.28,27.83,9.65,523.43,6.24,3.43
celebrity,13,0.27,20.86,15.6,38.21,6.6,3.4
screenwriter,13,0.27,20.73,5.0,185.37,6.67,3.8
ghetto,12,0.27,22.16,12.06,364.46,6.72,3.15
very little dialogue,10,0.26,26.37,8.22,117.74,6.33,3.31
chainsaw,12,0.25,20.81,5.88,3403.98,6.11,3.17
slapstick,10,0.24,23.82,10.44,106250371.4,6.5,3.3
cruelty,12,0.23,19.22,5.69,352.21,6.76,3.94
step father,10,0.23,23.16,15.71,101.95,6.43,3.19
jail,13,0.22,16.89,5.8,83.21,6.81,4.05
korea,10,0.22,21.69,16.13,59964187.33,6.5,2.25
lesbian,27,0.21,7.64,2.6,477.37,6.35,3.44
film noir,25,0.21,8.47,4.0,580.24,7.42,3.94
interview,12,0.21,17.15,5.94,149.57,7.02,3.83
gay relationship,14,0.2,14.57,1.25,910.38,6.07,4.1
dead body,10,0.2,19.87,10.36,28.87,6.52,3.03
cult,12,0.19,15.43,7.58,1188.24,6.22,3.21
massacre,12,0.19,15.66,5.43,301.1,6.47,3.05
silent film,17,0.18,10.67,0.66,1662.49,7.15,3.87
hell,11,0.18,16.75,10.54,47.15,5.73,2.54
hustler,10,0.18,17.82,7.43,447.06,6.47,3.72
new zealand,10,0.17,17.32,2.6,632.12,6.86,3.92
greed,11,0.16,14.25,13.15,1191.76,6.61,3.66
lesbian relationship,11,0.15,13.37,1.74,12500233.4,6.17,3.76
search,11,0.15,13.26,0.37,128.81,6.62,3.77
thriller,11,0.14,12.33,2.96,-8.44,6.09,2.77
brazilian,12,0.13,11.08,3.29,192.89,7.37,4.08
junkie,10,0.11,11.33,3.79,51.06,6.9,3.48
anthology,12,0.1,8.63,4.58,150.23,5.62,3.18
beer,12,0.09,7.34,1.91,171.98,6.33,2.83
stabbing,10,0.08,8.48,3.84,60.87,6.11,2.75
mumblegore,19,0.07,3.68,0.1,73.5,5.87,3.17
unsimulated sex,15,0.06,3.82,0.75,5976.52,6.01,3.66
malayalam,12,0.04,3.34,1.88,680.79,6.86,
mumblecore,10,0.02,1.94,0.22,834.9,5.9,3.15
