director,qtd_filmes,receita_total_bi,receita_media_mi,receita_mediana_mi,roi_medio,nota_metadata_media,nota_usuarios_media
Steven Spielberg,30,9.26,308.55,288.07,933.33,6.94,3.53
Peter Jackson,11,6.53,593.48,871.37,359.14,7.27,3.55
Michael Bay,13,6.44,495.19,449.22,291.53,6.39,2.99
James Cameron,8,5.9,737.58,281.1,577.93,7.31,3.71
David Yates,6,5.33,889.09,936.09,417.03,7.15,3.69
Christopher Nolan,10,4.75,474.74,447.05,344.23,7.72,3.91
Robert Zemeckis,17,4.14,243.43,195.74,413.05,6.86,3.36
Tim Burton,18,4.03,224.05,137.46,240.1,6.73,3.32
Ridley Scott,23,3.92,170.33,104.93,134.24,6.58,3.3
Chris Columbus,13,3.87,297.45,226.5,783.91,6.46,3.14
Roland Emmerich,11,3.8,345.31,266.0,212.12,5.93,2.78
Ron Howard,19,3.71,195.48,126.3,235.89,6.51,3.34
Gore Verbinski,10,3.58,357.53,196.78,176.79,6.44,3.18
J.J. Abrams,5,3.58,715.84,397.85,326.54,7.08,3.56
George Lucas,6,3.34,556.93,712.4,4479.64,6.88,3.54
Sam Raimi,10,3.19,319.38,69.84,992.51,6.49,3.22
Francis Lawrence,6,3.18,530.56,619.39,330.58,6.8,3.27
Clint Eastwood,29,3.1,106.92,68.67,344.77,6.79,3.39
Bill Condon,8,3.02,377.16,92.15,307.33,6.16,3.03
Joss Whedon,4,2.96,740.96,722.14,223.08,7.48,3.82
Bryan Singer,8,2.81,351.03,343.71,184.1,6.65,3.35
Andrew Stanton,4,2.77,693.59,730.82,378.39,7.07,3.44
M. Night Shyamalan,10,2.73,272.93,252.41,778.22,6.01,2.59
Sam Mendes,7,2.71,387.65,181.0,464.63,6.93,3.66
Jon Favreau,8,2.64,329.96,174.11,219.72,6.51,3.18
Andrew Adamson,5,2.61,521.37,484.41,405.77,6.62,3.52
Carlos Saldanha,4,2.53,633.11,580.56,608.87,6.45,3.03
Kyle Balda,3,2.53,841.88,1020.06,1012.19,6.3,2.45
Zack Snyder,7,2.48,353.74,185.26,198.1,6.49,2.88
Barry Sonnenfeld,11,2.4,217.99,115.1,182.34,6.1,2.91
James Wan,7,2.38,340.65,103.91,2665.98,6.9,3.24
Justin Lin,6,2.3,382.9,353.32,210.08,6.5,2.96
John Lasseter,5,2.26,451.2,461.98,453.09,6.84,3.2
Shawn Levy,10,2.22,221.86,171.24,229.9,6.04,2.73
Steven Soderbergh,17,2.16,127.15,63.37,242.09,6.23,3.18
Pete Docter,3,2.16,718.51,735.1,366.51,7.73,3.95
David Fincher,10,2.14,213.93,210.66,287.88,7.35,3.76
Tony Scott,16,2.13,133.1,146.61,328.64,6.48,3.29
Ron Clements,7,2.04,291.05,252.71,427.2,7.14,3.44
F. Gary Gray,9,2.0,221.9,95.23,278.71,6.69,3.41
Anthony Russo,3,2.0,666.17,714.77,274.44,6.7,3.4
Martin Scorsese,19,1.99,104.79,46.84,244.89,7.39,3.86
Brett Ratner,8,1.98,247.0,243.89,193.41,6.21,3.02
Raja Gosnell,9,1.93,214.14,173.96,305.41,5.43,1.94
Martin Campbell,8,1.87,233.71,217.76,153.47,6.18,3.0
Wolfgang Petersen,10,1.82,181.58,179.34,162.71,6.57,3.39
Rob Marshall,5,1.78,356.29,212.9,228.17,6.26,3.06
Todd Phillips,9,1.77,196.51,170.27,345.24,6.23,2.86
Richard Donner,14,1.74,124.16,63.58,392.64,6.58,3.34
Jay Roach,9,1.73,192.31,104.91,310.22,6.18,3.15
Jon Turteltaub,8,1.71,214.14,168.46,410.28,6.29,3.2
James Mangold,7,1.69,240.82,186.44,271.29,6.81,3.45
Eric Darnell,4,1.68,420.47,453.12,320.52,6.32,2.81
Alfonso Cuarón,5,1.67,333.05,69.96,355.24,7.22,3.61
James Gunn,3,1.64,545.69,773.33,199.86,7.37,3.74
Garry Marshall,13,1.63,125.67,57.04,657.55,5.98,2.69
Dennis Dugan,11,1.62,147.0,186.07,196.33,5.74,2.48
Ivan Reitman,12,1.61,134.53,123.08,533.5,5.94,3.01
Paul W.S. Anderson,11,1.61,146.74,122.2,207.34,5.82,2.87
Mike Mitchell,6,1.61,268.14,214.53,209.28,5.73,2.82
Gareth Edwards,3,1.59,529.79,529.08,469.1,6.57,2.96
Brad Bird,4,1.56,389.62,420.3,227.16,7.0,3.6
Marc Webb,4,1.56,389.03,383.22,411.88,6.98,3.19
Joel Schumacher,17,1.55,91.02,65.98,148.11,6.11,3.18
Mike Newell,8,1.55,193.33,27.58,769.52,6.68,3.66
Quentin Tarantino,9,1.53,169.63,155.76,641.36,7.68,3.93
Colin Trevorrow,3,1.52,507.25,4.22,428.53,6.97,3.8
Peter Berg,9,1.49,165.27,86.66,79.28,6.5,3.37
Stephen Sommers,5,1.46,292.57,302.47,169.42,6.04,2.88
John Woo,10,1.45,144.81,108.66,149.41,6.44,3.38
Tom Shadyac,7,1.45,207.27,173.0,303.19,6.16,2.8
Chris Weitz,5,1.45,289.66,235.48,752.51,6.28,3.04
Lilly Wachowski,4,1.44,360.38,304.49,139.64,6.0,2.58
Ang Lee,11,1.43,130.45,30.93,388.76,6.75,3.56
Rob Cohen,10,1.42,141.86,96.1,274.19,5.64,2.56
Marc Forster,8,1.42,177.18,63.46,239.89,6.74,3.63
Joe Johnston,7,1.41,201.24,222.72,195.41,6.33,3.1
Paul Greengrass,7,1.41,201.96,95.0,256.62,6.93,3.88
Edward Zwick,11,1.39,126.64,102.82,136.98,6.59,3.55
Sylvester Stallone,8,1.39,173.27,177.95,890.09,6.15,3.04
Oliver Stone,17,1.37,80.76,50.28,241.25,6.56,3.19
Doug Liman,8,1.34,168.0,121.24,480.24,6.71,3.54
Shane Black,3,1.29,431.34,62.79,179.51,7.0,3.68
Matt Reeves,4,1.28,318.87,270.34,266.29,6.78,3.32
Conrad Vernon,3,1.27,423.05,381.51,391.23,6.0,2.52
Jan de Bont,5,1.26,251.42,164.51,317.44,5.54,2.65
Nancy Meyers,5,1.25,249.74,219.1,281.99,6.48,3.2
Barry Levinson,14,1.23,88.05,48.53,274.5,6.16,3.27
Guy Ritchie,8,1.23,153.34,95.85,193.87,6.81,3.69
Bobby Farrelly,11,1.22,110.79,83.16,231.39,5.76,2.69
George Miller,9,1.21,134.96,69.13,3807.7,6.32,3.24
Kenneth Branagh,7,1.19,170.58,50.55,141.43,6.26,2.95
Phillip Noyce,11,1.18,107.51,116.3,135.65,6.22,3.18
Tim Story,8,1.18,147.14,110.45,318.99,5.91,2.27
John McTiernan,8,1.17,146.3,130.8,232.99,6.79,3.36
Antoine Fuqua,10,1.15,114.59,100.29,98.55,6.54,3.12
McG,6,1.15,191.29,208.08,97.51,5.88,2.76
Mel Gibson,5,1.14,228.43,175.3,667.51,7.18,3.57
Scott Derrickson,4,1.13,283.19,188.66,912.89,6.35,2.83
Jon M. Chu,6,1.12,186.28,155.05,341.46,5.9,1.83
Phil Lord,4,1.1,275.54,222.29,370.44,6.92,3.91
Renny Harlin,16,1.09,68.13,56.62,78.84,5.7,2.78
David Ayer,6,1.09,182.43,56.85,250.22,6.43,3.45
Robert Rodriguez,15,1.08,72.32,40.28,203.82,5.81,2.72
Michael Apted,11,1.08,98.63,17.38,151.72,6.23,3.44
Simon West,7,1.08,154.45,149.71,139.97,5.89,3.06
Peter Segal,8,1.07,133.15,156.81,110.42,6.08,2.76
Brian De Palma,19,1.06,55.7,31.9,182.52,6.49,3.16
Rob Minkoff,6,1.06,176.06,176.12,75.58,5.92,2.87
Peyton Reed,5,1.06,212.21,205.0,199.51,6.18,2.96
Joel Coen,13,1.05,81.13,60.61,290.13,7.05,3.74
Michael Mann,11,1.04,94.63,75.51,51.8,6.65,3.3
Paul Verhoeven,8,1.03,128.44,87.11,154.93,6.46,3.01
Guillermo del Toro,8,1.01,126.52,91.29,106.89,6.61,3.09
Matthew Vaughn,5,1.01,202.31,135.56,190.41,7.2,3.78
Kevin Lima,4,1.01,251.86,262.05,205.08,6.38,3.03
Sydney Pollack,10,1.0,99.77,68.21,269.21,6.4,3.29
Hayao Miyazaki,7,1.0,142.27,159.38,592.67,7.89,4.15
Woody Allen,27,0.99,36.81,20.17,303.7,6.96,3.45
Frank Coraci,7,0.99,140.8,123.49,294.75,6.0,2.56
Chris Wedge,4,0.98,244.22,264.56,229.3,6.38,3.22
Jonathan Liebesman,3,0.98,326.89,301.0,190.56,5.6,1.83
Hamilton Luske,4,0.97,241.45,154.74,9135.33,6.9,3.56
Rob Reiner,15,0.96,63.93,52.29,172.58,6.75,3.56
Francis Ford Coppola,14,0.95,68.04,43.65,414.28,6.96,3.39
Lasse Hallström,13,0.95,72.96,50.89,287.87,6.74,3.49
Brad Peyton,4,0.95,236.25,234.09,184.28,5.45,2.58
Robert Schwentke,6,0.93,155.4,140.24,111.34,6.15,2.5
Christopher McQuarrie,3,0.92,306.6,218.34,247.93,6.6,3.23
Tom Hooper,3,0.92,306.74,414.21,1204.54,7.4,3.75
Paul Feig,4,0.91,227.97,232.41,344.51,6.3,2.49
Andrew Davis,9,0.89,99.17,60.21,158.38,6.02,3.12
Andy Tennant,6,0.89,148.52,123.62,275.91,6.0,3.04
John Glen,6,0.89,148.47,171.83,379.01,5.82,3.38
D.J. Caruso,7,0.88,126.16,117.76,149.15,6.17,3.36
Alejandro González Iñárritu,6,0.88,146.33,81.82,471.42,7.25,3.75
Adam Shankman,8,0.87,109.2,103.87,181.52,6.04,3.08
Olivier Megaton,4,0.87,217.96,217.38,407.56,6.15,1.93
Peter Weir,10,0.86,85.96,25.12,303.59,6.95,3.7
Adam McKay,6,0.86,143.18,148.16,194.03,6.47,3.35
Nora Ephron,5,0.86,171.86,131.43,387.28,5.94,3.13
Gary Ross,3,0.86,288.19,148.34,280.73,6.77,3.6
Wes Craven,15,0.85,56.65,19.83,1055.86,5.97,3.09
Betty Thomas,5,0.85,170.68,41.23,185.72,5.7,2.91
John Landis,10,0.84,83.52,61.19,639.0,6.47,3.29
Adrian Lyne,8,0.84,104.62,59.44,713.55,6.32,3.27
Mark Waters,9,0.82,91.49,102.85,158.32,5.96,2.97
Brian Levant,6,0.82,136.88,113.88,199.66,5.2,2.48
Mike Nichols,10,0.81,80.59,77.43,575.0,6.79,3.86
Kevin Reynolds,7,0.81,115.74,46.07,118.67,6.37,3.14
Chuck Russell,5,0.81,162.45,165.33,497.15,6.06,2.77
Danny Boyle,10,0.8,79.56,35.07,530.53,6.95,3.57
David Frankel,7,0.79,112.95,87.42,244.18,6.33,3.05
Len Wiseman,4,0.79,197.35,155.07,191.36,6.3,3.14
Roger Donaldson,12,0.78,65.02,35.04,151.47,6.05,3.03
Luc Besson,11,0.78,70.99,45.28,61.59,6.63,3.35
David Slade,3,0.78,260.34,75.51,572.69,6.3,2.91
Brad Silberling,6,0.77,129.16,133.69,140.56,6.27,2.99
David O. Russell,6,0.77,129.06,104.57,317.45,6.72,3.33
Alex Proyas,5,0.77,154.91,150.68,187.06,6.46,3.33
Cameron Crowe,8,0.76,95.15,49.71,121.26,6.52,3.62
Darren Aronofsky,6,0.76,126.84,30.0,1422.22,6.98,3.46
Baz Luhrmann,5,0.76,152.21,147.3,472.24,6.78,3.31
Irvin Kershner,4,0.76,191.02,102.84,862.94,6.32,3.22
Lee Tamahori,7,0.74,105.08,71.07,48.19,6.2,3.07
Jerry Zucker,4,0.74,184.64,106.55,633.22,6.45,3.34
Jonathan Mostow,4,0.74,183.82,125.06,78.95,6.12,3.04
Stephen Chow,4,0.74,186.2,74.11,608.32,6.52,3.68
Garth Jennings,3,0.74,247.93,104.48,307.99,6.7,3.4
Louis Leterrier,7,0.72,102.75,85.17,58.94,6.3,2.97
Tim Hill,5,0.72,144.12,141.7,176.56,5.46,2.34
Robert Luketic,7,0.7,100.08,98.16,208.2,5.93,2.96
Zhang Yimou,6,0.7,116.92,94.09,91.52,6.83,3.73
Jean-Jacques Annaud,8,0.69,86.24,87.09,128.32,6.84,3.6
Alan J. Pakula,7,0.69,98.55,70.6,366.19,6.44,3.49
Anne Fletcher,5,0.69,137.07,114.19,406.32,6.06,2.67
John Singleton,9,0.68,75.98,57.5,186.56,6.52,2.65
William Friedkin,11,0.66,59.67,17.04,936.98,6.41,3.63
Keenen Ivory Wayans,5,0.66,132.66,113.09,407.08,5.8,2.6
Gary Trousdale,3,0.66,221.18,186.05,488.19,7.0,3.48
Jonathan Demme,8,0.65,81.47,31.41,434.99,6.98,3.46
Jaume Collet-Serra,6,0.65,109.1,95.33,250.86,6.33,3.03
Rawson Marshall Thurber,3,0.65,218.23,216.97,567.42,6.4,2.95
Stephen Herek,9,0.64,71.59,40.49,233.53,6.13,3.04
Roger Spottiswoode,8,0.64,80.13,52.04,9.86,6.02,2.66
Martin Brest,5,0.64,127.82,134.1,468.39,6.34,3.11
John Madden,8,0.63,79.23,53.87,441.02,6.39,3.56
David Dobkin,5,0.63,126.1,88.32,159.99,6.2,3.15
Nicholas Stoller,5,0.63,125.21,105.17,411.17,5.96,3.2
Seth Gordon,4,0.63,158.14,168.85,223.44,5.85,1.97
Ben Stiller,6,0.62,102.64,81.8,89.31,6.08,3.14
Steve Carr,6,0.62,103.41,112.13,241.16,5.72,1.98
John Moore,5,0.62,124.4,91.75,165.6,5.48,2.03
Judd Apatow,5,0.62,123.77,109.45,277.41,5.9,3.07
Walt Becker,4,0.62,154.47,162.99,414.5,5.62,1.98
Timur Bekmambetov,7,0.61,87.7,55.64,450.92,5.79,3.39
Neill Blomkamp,3,0.6,200.45,210.82,288.2,6.77,3.19
Duncan Jones,3,0.59,196.92,147.33,208.89,7.0,4.05
Richard Marquand,3,0.59,198.27,18.0,1670.32,6.87,4.28
David Zucker,6,0.58,96.44,82.84,285.03,5.8,3.13
Harald Zwart,4,0.58,145.77,83.22,318.52,5.7,2.81
Harold Ramis,8,0.57,71.14,61.88,180.77,5.98,2.87
John G. Avildsen,10,0.56,55.77,34.44,16982175.05,5.66,2.94
Andy Fickman,6,0.55,91.24,106.95,229.42,5.77,2.35
Gavin Hood,5,0.55,110.39,24.75,85.21,6.62,3.37
John Lee Hancock,5,0.55,109.43,75.6,275.89,6.76,3.63
Tarsem Singh,5,0.55,109.65,104.16,137.72,6.24,2.96
Morten Tyldum,3,0.55,184.13,233.56,871.92,7.3,4.14
Peter Hyams,11,0.54,48.93,27.05,21.74,5.66,2.99
Guy Hamilton,8,0.54,67.37,55.98,1991.24,6.45,3.64
Joe Wright,6,0.54,90.54,95.04,142.93,6.78,2.84
Anthony Minghella,4,0.54,135.69,150.91,366.72,6.78,2.84
P.J. Hogan,4,0.54,136.18,115.15,321.1,6.58,3.27
James Bobin,3,0.54,181.65,165.18,134.65,6.4,3.34
Neil Burger,3,0.54,179.17,161.85,285.48,7.03,3.43
Roger Michell,7,0.53,76.07,8.89,216.7,6.1,2.82
Nick Cassavetes,5,0.53,105.13,102.24,273.41,6.92,2.83
Curtis Hanson,6,0.52,86.56,85.56,313.82,6.15,3.48
Donald Petrie,7,0.51,72.89,36.85,97.64,5.57,2.78
James Foley,7,0.51,72.86,15.16,72.77,6.11,3.38
Kelly Asbury,3,0.51,169.82,189.71,236.27,6.47,2.34
Kevin Costner,3,0.51,170.04,68.3,653.56,6.9,3.16
Lewis Gilbert,3,0.51,169.11,185.44,939.23,6.33,3.68
Taylor Hackford,5,0.5,99.17,124.73,137.4,6.62,3.72
Catherine Hardwicke,4,0.5,124.95,51.29,289.28,6.28,2.87
Dominic Sena,5,0.49,97.4,88.1,37.03,5.84,2.71
Jim Abrahams,5,0.49,97.79,83.45,851.48,6.36,3.17
Mark Dindal,3,0.49,162.44,169.33,30.03,6.63,3.11
Walter Hill,15,0.48,32.01,15.8,87.71,6.21,2.76
John Badham,7,0.47,67.84,42.31,1832.53,6.3,3.38
Robert Wise,7,0.47,67.85,14.0,652.9,6.63,3.33
James L. Brooks,4,0.47,117.28,53.15,148.49,6.18,3.44
Jason Reitman,6,0.46,77.26,23.87,785.08,6.58,3.15
Mark Steven Johnson,5,0.46,92.58,36.7,76.31,5.54,2.71
Darren Lynn Bousman,4,0.46,114.09,146.14,2185.14,6.25,3.01
Terry Gilliam,10,0.45,44.79,26.29,227.45,6.72,3.38
Stanley Kubrick,9,0.45,49.61,44.02,376.15,7.7,3.86
Emile Ardolino,3,0.45,149.23,213.95,1341.39,6.4,3.2
Gus Van Sant,11,0.44,40.4,10.01,285.1,6.49,3.61
Tyler Perry,9,0.44,49.23,53.21,330.21,6.29,2.25
Wes Anderson,8,0.44,54.7,40.64,135.62,7.38,3.84
David R. Ellis,6,0.44,72.98,59.22,152.6,5.57,2.42
Henry Joost,5,0.44,87.47,85.24,4293.06,6.04,2.72
Ben Affleck,4,0.44,110.91,94.32,185.4,6.88,3.83
Jon Amiel,4,0.44,110.12,107.15,71.5,6.0,3.1
Victor Fleming,3,0.44,146.43,33.75,3708.03,7.03,4.0
Herbert Ross,7,0.43,62.0,80.04,413.59,6.54,3.39
Peter Chelsom,6,0.43,71.58,46.15,124.47,6.12,2.88
Brian Helgeland,5,0.43,85.73,95.02,60.56,6.32,3.21
Edgar Wright,5,0.43,85.78,47.66,378.53,7.2,3.78
Sean Anders,4,0.43,106.82,82.86,130.9,5.85,2.69
Tony Gilroy,3,0.43,143.19,92.99,120.5,6.1,3.12
Joe Dante,9,0.42,46.41,36.6,434.06,6.36,3.14
Stephen Hopkins,9,0.42,46.73,30.16,102.08,6.01,3.12
Les Mayfield,7,0.42,59.87,40.69,23.6,5.6,2.82
Penny Marshall,6,0.42,69.9,50.09,173.36,6.52,3.52
Denis Villeneuve,5,0.42,84.01,84.03,170.7,7.38,3.27
George P. Cosmatos,5,0.42,84.76,49.04,144.09,5.86,2.78
Jimmy Hayward,3,0.42,139.23,110.0,90.66,5.5,2.6
Mick Jackson,3,0.42,140.81,7.36,742.38,6.13,2.79
Alexander Payne,5,0.41,82.08,105.83,315.12,6.9,3.7
Frank Darabont,4,0.41,101.84,47.21,139.18,7.5,3.9
Jeff Tremaine,4,0.41,101.53,95.0,786.4,6.22,3.31
Stephen Frears,11,0.4,36.07,13.45,187.61,6.43,3.85
Neil Jordan,9,0.4,44.29,10.83,226.07,6.53,3.4
Joseph Ruben,7,0.4,57.53,35.43,204.43,5.84,2.86
Baltasar Kormákur,4,0.4,99.63,97.52,109.78,6.42,2.76
Clyde Geronimi,3,0.4,134.0,87.4,3941.49,6.87,3.63
Spike Lee,13,0.39,30.11,13.07,58.91,6.55,3.37
Roman Polanski,11,0.39,35.75,30.0,149.83,7.02,3.77
Norman Jewison,10,0.38,37.89,28.69,481.24,6.87,3.66
Bruce Beresford,8,0.38,47.07,13.13,362.73,6.0,3.28
Amy Heckerling,4,0.38,95.51,38.23,1429.54,6.12,3.28
Michael Lembeck,4,0.38,95.29,98.48,215.28,5.52,2.0
Will Gluck,4,0.38,94.46,104.39,316.43,6.3,3.49
John Hamburg,3,0.38,127.21,118.03,214.52,6.2,3.12
Phil Alden Robinson,3,0.38,127.55,105.23,183.82,6.57,3.43
Blake Edwards,17,0.37,21.77,11.0,160.81,5.84,3.34
George Roy Hill,6,0.37,62.47,32.14,1153.12,6.85,3.92
Hal Needham,6,0.37,62.19,69.16,301.0,6.12,2.62
Paul Weitz,6,0.37,61.96,12.66,248.76,5.55,2.5
Randal Kleiser,6,0.37,61.3,46.73,1083.32,6.05,2.78
Robert Redford,6,0.37,61.35,41.45,50.83,6.37,2.73
Mikael Håfström,4,0.37,92.78,95.36,186.35,6.28,3.11
Michael Haigney,3,0.37,122.0,133.95,373.18,6.37,2.27
Richard Curtis,3,0.37,122.79,87.1,370.29,7.33,3.84
Jean-Pierre Jeunet,6,0.36,60.49,11.75,249.39,7.03,3.97
George Clooney,5,0.36,71.98,54.6,258.12,6.28,3.4
Jake Kasdan,5,0.36,72.57,18.32,200.27,5.84,2.84
Frank Marshall,4,0.36,90.61,86.83,122.9,6.15,2.75
Gary Winick,4,0.36,89.5,105.56,584.96,5.88,2.82
Richard Linklater,15,0.35,23.57,7.99,206.74,6.87,3.53
Gregory Hoblit,6,0.35,58.68,50.29,75.17,6.65,3.46
Ken Kwapis,6,0.35,58.04,37.52,134.84,6.02,2.99
Tom Dey,4,0.35,86.71,80.75,54.82,5.5,2.91
S.S. Rajamouli,3,0.35,116.48,100.0,517.5,6.97,
Mel Brooks,6,0.34,57.06,36.93,1437.59,6.83,3.69
Tom Tykwer,6,0.34,56.15,33.71,100.33,6.5,3.34
Jonathan Frakes,4,0.34,83.77,78.4,73.37,5.6,4.12
John Carpenter,14,0.33,23.53,16.99,2030.72,6.53,3.32
Glenn Ficarra,4,0.33,82.64,82.97,85.22,6.52,3.69
Marc Lawrence,4,0.33,82.25,89.32,122.45,5.75,2.94
Stanley Tong,4,0.33,82.24,27.14,932.98,6.4,3.48
Luis Llosa,3,0.33,108.75,136.89,241.38,5.4,2.81
Tate Taylor,3,0.33,109.79,124.27,340.98,6.83,4.0
Alan Parker,10,0.32,31.97,21.72,204.62,6.85,3.58
Frank Oz,6,0.32,52.93,52.87,10.97,6.57,3.29
Malcolm D. Lee,6,0.32,54.14,49.34,193.94,5.92,3.72
Michel Gondry,6,0.32,53.68,10.62,122.45,6.47,3.28
Joe Carnahan,5,0.32,64.85,57.1,137.57,6.36,2.94
Stephen Daldry,4,0.32,79.97,82.62,614.42,7.12,3.2
Wolfgang Reitherman,4,0.32,78.94,43.87,1772.77,7.02,3.64
Breck Eisner,3,0.32,107.05,119.27,76.6,5.87,2.92
James DeMonaco,3,0.32,105.57,108.78,1690.73,6.23,2.25
Jesse Dylan,3,0.32,106.23,56.07,168.35,6.0,2.75
Thor Freudenthal,3,0.32,107.77,75.7,202.44,5.83,2.75
John Frankenheimer,11,0.31,28.23,12.48,54.38,6.1,3.22
John Hughes,6,0.31,52.13,50.38,1703.56,7.05,3.61
Jason Friedberg,5,0.31,62.94,80.55,183.68,3.58,1.09
Luke Greenfield,4,0.31,77.93,72.34,270.44,5.8,3.28
Daniel Espinosa,3,0.31,103.98,100.54,41.6,6.23,3.12
José Padilha,3,0.31,101.98,63.03,102.24,6.97,3.52
Stephen Norrington,3,0.31,103.96,131.18,160.68,6.0,3.08
David Twohy,6,0.3,50.8,38.02,63.94,6.25,3.13
Kathryn Bigelow,6,0.3,50.27,38.58,69.15,6.55,3.27
Steve Miner,6,0.3,50.06,45.87,540.62,5.47,2.43
Andrzej Bartkowiak,5,0.3,59.25,56.49,73.77,5.2,2.5
David Bowers,5,0.3,59.64,64.46,97.76,6.1,3.08
Roger Kumble,5,0.3,60.63,68.4,231.68,5.48,3.36
Hugh Wilson,4,0.3,75.79,78.33,854.12,6.45,3.03
Pierre Morel,4,0.3,75.72,33.24,180.72,6.35,3.41
Dean Parisot,3,0.3,101.05,90.68,57.72,5.87,2.67
Sidney Lumet,13,0.29,22.66,23.69,534.91,6.84,3.79
Wayne Wang,8,0.29,35.94,25.65,199.06,6.01,3.25
Andrew Niccol,6,0.29,48.97,21.85,67.76,6.43,2.98
Gary Fleder,6,0.29,49.01,51.79,30.77,6.55,3.28
Arthur Hiller,5,0.29,58.02,46.91,1817.72,6.38,3.06
Rob Bowman,4,0.29,72.95,49.87,49.97,5.9,2.79
Terence Young,4,0.29,72.67,69.25,3165.2,6.95,3.78
Kirk Jones,3,0.29,97.04,88.92,294.41,5.93,3.0
Stuart Baird,3,0.29,97.22,102.37,68.19,6.03,3.26
Ron Shelton,8,0.28,35.56,35.01,102.31,5.99,3.18
Jonathan Lynn,7,0.28,39.77,30.24,136.51,6.29,3.22
Brian Robbins,6,0.28,47.01,45.44,-0.26,5.27,2.5
Gavin O'Connor,6,0.28,46.08,27.1,99.18,6.58,3.69
Marcus Nispel,4,0.28,69.52,70.09,332.68,5.6,2.34
Randall Wallace,3,0.28,92.08,101.33,289.82,6.53,4.38
Richard Lester,3,0.28,92.87,75.85,814.52,6.37,3.12
Pedro Almodóvar,10,0.27,27.34,9.45,491.86,7.19,3.71
Jonathan Levine,5,0.27,54.46,52.4,145.37,6.18,3.57
Brian Taylor,4,0.27,66.88,41.88,118.5,5.7,2.44
Greg Mottola,4,0.27,66.52,63.74,176.67,6.45,3.23
John Whitesell,4,0.27,67.92,65.42,108.91,4.88,1.5
Peter Howitt,4,0.27,66.7,44.01,284.0,6.0,2.72
Richard LaGravenese,4,0.27,67.74,50.61,131.61,6.4,3.04
Juan Antonio Bayona,3,0.27,90.31,46.65,168.86,6.97,3.94
David Cronenberg,12,0.26,21.74,11.13,58.48,6.59,3.53
Bob Clark,9,0.26,28.99,19.29,783.05,5.06,2.31
Michael Caton-Jones,6,0.26,44.15,27.02,22.42,5.95,3.12
Boaz Yakin,5,0.26,51.84,40.35,148.88,6.5,3.86
Steven Brill,4,0.26,64.66,43.66,136.47,5.68,2.33
Albert Hughes,3,0.26,86.52,74.56,302.18,6.8,3.44
Alfred Hitchcock,21,0.25,11.91,7.9,673.51,7.36,3.95
Kevin Smith,11,0.25,22.3,26.89,1542.67,6.29,3.25
Charles Shyer,5,0.25,50.73,61.95,-20.01,5.54,2.88
Harold Becker,5,0.25,49.64,46.41,130.46,5.96,3.08
William Wyler,5,0.25,49.65,23.65,756.6,7.3,4.01
Ron Underwood,4,0.25,62.82,32.58,270.58,5.95,3.02
Gil Kenan,3,0.25,84.49,95.44,64.02,5.83,2.5
Justin Kurzel,3,0.25,84.44,12.6,38.29,6.03,
Ruben Fleischer,3,0.25,82.71,102.39,151.33,6.33,3.37
Miloš Forman,6,0.24,39.88,33.87,576.34,7.18,3.77
Sofia Coppola,5,0.24,47.04,25.44,637.55,6.4,3.29
Thomas Carter,5,0.24,47.09,31.99,203.72,6.38,3.66
David Lean,4,0.24,59.06,48.6,582.51,7.42,4.26
Rod Daniel,4,0.24,60.47,56.31,332.86,5.32,2.34
James Wong,3,0.24,81.24,72.7,183.67,5.97,3.33
Luis Mandoki,8,0.23,28.3,12.2,-43.59,5.69,3.04
Philip Kaufman,8,0.23,28.7,22.25,85.64,6.61,3.21
Gary Goldman,7,0.23,32.96,11.66,-10.13,5.86,3.3
Paul Thomas Anderson,7,0.23,32.19,28.26,35.2,7.16,3.56
John Guillermin,6,0.23,38.85,10.17,157.45,5.78,3.02
Simon Wincer,5,0.23,45.14,17.3,156.43,5.54,2.79
Henry Selick,4,0.23,58.64,52.28,77.79,6.32,3.08
Alexandre Aja,3,0.23,75.08,72.44,239.25,5.8,2.38
David S. Goyer,3,0.23,77.41,76.51,155.3,5.5,2.4
Jeannot Szwarc,3,0.23,75.3,23.72,242.57,5.57,2.6
Tommy Wirkola,3,0.23,75.61,1.98,248.85,6.17,2.25
Robert Altman,8,0.22,27.81,11.11,377.79,6.2,3.47
Michael Ritchie,6,0.22,37.18,35.24,176.75,6.2,2.71
Russell Mulcahy,6,0.22,36.47,10.73,4.31,5.57,2.96
Ted Kotcheff,6,0.22,35.97,26.99,549.83,6.47,3.43
Hideo Nakata,4,0.22,54.76,24.46,352.85,5.93,2.62
Scott Hicks,4,0.22,54.04,58.39,168.72,6.45,3.72
Wilson Yip,4,0.22,55.85,28.94,200.51,6.98,3.86
Christophe Gans,3,0.22,72.49,70.75,95.99,6.23,2.89
James McTeigue,3,0.22,74.21,60.46,70.21,6.67,2.94
Leonard Nimoy,3,0.22,73.54,87.0,418.75,5.97,3.4
George A. Romero,8,0.21,26.01,25.51,4492.34,6.44,3.5
Jim Sheridan,7,0.21,30.06,38.5,530.2,6.94,3.49
Carl Reiner,6,0.21,35.1,29.9,,6.35,3.06
Kunihiko Yuyama,5,0.21,43.0,44.06,,6.04,0.5
Burr Steers,4,0.21,51.4,32.28,125.61,6.22,3.37
Iain Softley,4,0.21,51.84,53.9,13.09,6.42,3.28
Takashi Yamazaki,4,0.21,52.96,58.06,65.38,6.88,
Jon Avnet,3,0.21,69.84,73.17,321.34,6.4,3.48
Steve McQueen,3,0.21,69.14,17.69,503.6,7.37,3.92
John Huston,10,0.2,19.96,11.38,208.84,6.84,4.06
Richard Fleischer,8,0.2,24.45,10.5,159.82,6.01,3.18
Tsui Hark,8,0.2,25.31,17.95,140.74,6.51,3.53
Michael Moore,7,0.2,29.18,17.44,1137.88,6.86,3.53
Hideaki Anno,5,0.2,39.77,41.16,413.33,7.44,3.76
Nicholas Meyer,4,0.2,48.89,49.15,482.78,6.32,3.51
Penelope Spheeris,4,0.2,50.51,40.17,508.49,6.15,3.09
Spike Jonze,4,0.2,50.78,40.08,63.62,7.22,3.7
Jay Russell,3,0.2,65.59,74.54,69.88,6.3,3.0
Nimród Antal,4,0.19,48.12,29.12,65.1,6.05,2.83
Shekhar Kapur,4,0.19,46.57,52.06,64.73,6.85,4.14
Bong Joon-ho,3,0.19,64.12,86.76,356.01,7.0,3.86
Tom Vaughan,3,0.19,61.71,15.13,165.68,6.17,2.75
William Brent Bell,3,0.19,64.35,64.19,3606.3,5.23,3.25
Richard Benjamin,9,0.18,20.1,13.85,43.25,5.47,2.96
Dwight H. Little,6,0.18,29.32,21.79,148.16,5.6,2.81
Kevin Macdonald,6,0.18,29.7,20.5,288.74,6.85,3.77
Terrence Malick,6,0.18,30.82,15.56,16.45,6.18,3.53
Charles Martin Smith,4,0.18,44.44,37.78,291.65,6.05,3.1
David Koepp,4,0.18,43.89,30.75,36.98,6.12,3.16
Franklin J. Schaffner,4,0.18,44.23,43.33,342.78,7.08,3.89
"George Tillman, Jr.",4,0.18,44.49,45.93,44.68,6.75,3.25
Paul Haggis,4,0.18,45.21,40.35,354.8,6.62,3.89
Simon Wells,4,0.18,45.85,25.17,-9.67,6.07,2.65
Warren Beatty,4,0.18,44.3,34.79,14.95,6.3,3.27
A.R. Murugadoss,3,0.18,58.47,76.0,417.76,6.27,
Danny Cannon,3,0.18,60.37,40.0,-6.77,5.7,2.53
Don Bluth,3,0.18,61.22,84.46,511.85,7.03,3.33
Oliver Parker,3,0.18,61.11,18.54,144.06,6.03,3.08
David Gordon Green,8,0.17,21.59,4.68,9.37,5.86,2.84
John Boorman,8,0.17,21.11,26.24,417.73,6.59,3.62
Paul Mazursky,7,0.17,24.05,24.0,558.44,5.69,3.5
Howard Deutch,6,0.17,28.61,31.39,16.24,6.05,3.22
Michael Hoffman,5,0.17,34.13,35.93,38.18,5.9,3.59
Cecil B. DeMille,4,0.17,42.58,23.75,655.17,6.25,3.66
John Erick Dowdle,4,0.17,42.24,40.48,541.67,6.05,2.58
Ronny Yu,4,0.17,43.14,28.82,111.91,6.12,2.81
Tobe Hooper,4,0.17,41.49,19.44,9314.56,6.38,3.54
Alain Chabat,3,0.17,57.93,48.6,-11.96,6.13,
Angelina Jolie,3,0.17,55.82,3.73,-2.74,6.17,2.5
Bennett Miller,3,0.17,57.13,49.08,224.01,6.8,3.46
Kevin Rodney Sullivan,3,0.17,57.22,65.07,148.92,5.73,3.08
Nigel Cole,3,0.17,55.25,42.89,357.23,6.47,3.42
Scott Stewart,3,0.17,57.13,67.92,270.34,5.57,2.19
Ted Demme,3,0.17,56.02,73.35,17.6,6.83,3.25
Til Schweiger,3,0.17,57.67,48.72,661.06,6.23,4.0
Eli Roth,5,0.16,31.99,30.55,791.03,5.34,2.76
Geoffrey Sax,4,0.16,39.46,32.97,503.93,5.6,1.25
Jared Hess,4,0.16,38.89,37.66,3865.65,5.5,3.03
Nick Castle,4,0.16,40.57,18.92,163.31,6.0,3.0
Steve Pink,4,0.16,41.1,43.75,106.69,5.78,2.7
Brad Furman,3,0.16,54.49,62.62,61.33,6.37,2.5
David Lowery,3,0.16,53.44,15.58,7802.66,6.37,
Lee Daniels,3,0.16,54.94,47.54,216.63,6.5,2.81
Patrick Lussier,3,0.16,54.22,33.0,182.43,5.07,2.81
Alex Kendrick,4,0.15,36.49,33.99,5545.37,6.82,4.67
Francis Veber,4,0.15,37.54,34.96,204.83,6.45,2.8
Jay Chandrasekhar,4,0.15,38.37,18.84,151.61,5.65,2.84
Paul McGuigan,4,0.15,37.25,39.85,14.28,6.4,3.06
Dennis Gansel,3,0.15,49.5,19.0,117.1,6.7,3.38
James Watkins,3,0.15,48.7,14.4,311.68,6.27,3.75
Rohit Shetty,3,0.15,49.34,61.0,365.54,6.6,
Scott Cooper,3,0.15,51.23,39.46,173.41,6.53,3.76
John Schlesinger,6,0.14,23.32,23.04,319.84,5.18,3.63
Carl Franklin,5,0.14,27.7,16.14,7.54,6.32,3.45
Richard Loncraine,5,0.14,27.01,7.24,11.64,5.78,2.71
Rob Zombie,5,0.14,27.69,16.83,133.6,5.4,3.42
Griffin Dunne,4,0.14,34.13,33.56,201.44,5.52,2.39
Jean-Marc Vallée,4,0.14,34.27,39.96,288.02,7.15,3.85
Don Roos,3,0.14,48.22,36.78,87.56,5.8,3.31
Jeremiah S. Chechik,3,0.14,47.7,48.59,72.56,6.13,3.09
Richard Attenborough,3,0.14,47.56,50.75,192.02,6.83,3.51
Sidney Poitier,3,0.14,45.94,24.71,16757.14,6.3,3.5
Stuart Rosenberg,3,0.14,46.59,37.12,440.59,7.0,3.63
Neil LaBute,6,0.13,21.71,18.88,20.67,5.65,2.32
Peter Yates,6,0.13,21.68,19.39,339.06,6.57,3.18
Craig Gillespie,4,0.13,31.66,31.61,14.76,6.5,3.22
Fernando Meirelles,4,0.13,33.65,25.24,345.93,6.8,3.87
Niki Caro,4,0.13,31.37,33.31,118.46,7.12,3.73
Oliver Hirschbiegel,4,0.13,32.29,18.42,122.19,6.42,3.49
Reginald Hudlin,4,0.13,31.78,21.66,236.54,5.55,2.77
James Marsh,3,0.13,42.37,2.96,315.76,7.0,3.5
Mike Flanagan,3,0.13,43.01,44.03,794.22,6.1,2.83
Robert Iscove,3,0.13,42.91,20.63,300.54,4.7,3.34
Stanley Kramer,3,0.13,42.22,56.67,696.1,7.4,3.8
David Lynch,9,0.12,12.87,8.55,8786.69,7.36,3.53
Wong Kar-wai,5,0.12,23.63,19.27,579.49,6.88,3.69
Barbet Schroeder,4,0.12,30.85,31.73,73.64,6.48,2.92
Fyodor Bondarchuk,4,0.12,29.96,22.92,79.85,5.55,
Jane Campion,4,0.12,31.21,4.07,473.13,6.22,2.25
John Milius,4,0.12,30.48,20.4,281.11,6.4,3.04
Nicholas Hytner,4,0.12,29.72,29.29,258.28,6.25,3.79
Tamra Davis,4,0.12,30.76,22.22,230.88,5.88,2.94
Tom McCarthy,4,0.12,29.23,9.94,658.69,7.2,3.76
David Wain,3,0.12,38.95,24.16,34.95,6.03,2.73
Denzel Washington,3,0.12,39.34,30.23,118.95,6.77,3.31
John Wells,3,0.12,38.56,36.61,70.78,6.53,2.5
Lawrence Kasdan,3,0.12,41.61,25.05,-24.44,6.27,3.23
Miguel Arteta,3,0.12,41.46,16.86,185.09,6.03,3.29
Patricia Riggen,3,0.12,40.7,24.9,180.69,6.6,4.0
Peter Webber,3,0.12,38.99,31.47,64.34,6.17,3.0
Robert Benton,3,0.12,39.22,5.74,587.75,6.27,3.32
Stan Dragoti,3,0.12,40.24,43.88,,5.67,3.66
Zach Braff,3,0.12,38.96,26.78,403.15,6.7,3.63
Sam Peckinpah,8,0.11,13.5,5.74,253.54,6.79,3.38
Don Siegel,6,0.11,18.65,12.37,418.62,6.82,2.97
Mark Rydell,6,0.11,18.66,20.31,21.95,6.53,3.57
William Dear,5,0.11,22.41,7.79,-68.97,5.8,2.78
Franco Zeffirelli,4,0.11,28.28,26.75,75.01,6.2,3.32
Hugh Hudson,4,0.11,26.61,23.55,436.76,6.18,3.72
John Stockwell,4,0.11,28.41,30.68,7.05,5.7,2.7
S. Shankar,4,0.11,27.88,20.5,130.16,6.65,
Anton Corbijn,3,0.11,35.06,31.55,168.84,6.6,2.42
Daniel Alfredson,3,0.11,37.71,43.5,987.45,6.57,3.11
Danny DeVito,3,0.11,36.9,33.46,84.98,6.27,2.95
Jeff Wadlow,3,0.11,37.46,41.63,376.57,6.13,2.86
Jodie Foster,3,0.11,37.26,17.52,75.06,6.33,2.55
Kimberly Peirce,3,0.11,35.05,11.54,198.84,6.37,3.7
Stephen Gaghan,3,0.11,37.32,10.72,-10.99,5.83,3.34
Thomas Gilou,3,0.11,37.69,40.92,312.29,6.0,
Billy Wilder,11,0.1,8.68,5.0,285.63,7.68,3.82
Andrei Konchalovsky,6,0.1,16.15,6.31,-2.87,5.33,3.54
Alejandro Amenábar,5,0.1,19.65,17.67,23.13,6.8,3.69
Bernardo Bertolucci,5,0.1,20.44,15.12,541.15,6.82,3.55
Mark L. Lester,5,0.1,19.05,15.95,79.5,5.92,3.22
Michael Lehmann,5,0.1,19.26,7.99,-81.9,5.72,3.05
Mike Figgis,5,0.1,20.67,21.38,597.17,6.02,2.22
John Hillcoat,4,0.1,24.75,20.14,52.11,6.57,3.13
Jonathan Kaplan,4,0.1,25.98,16.89,34.46,5.7,3.08
Lone Scherfig,4,0.1,24.95,19.14,160.36,6.72,3.92
Matthew Robbins,4,0.1,24.45,14.81,-21.61,6.22,2.57
Bryan Spicer,3,0.1,34.05,31.61,165.16,5.07,2.13
Craig Brewer,3,0.1,32.67,23.56,110.67,6.63,3.08
David E. Talbert,3,0.1,34.58,38.8,157.06,5.43,
David S. Ward,3,0.1,34.49,30.63,352.7,5.97,2.67
John Carney,3,0.1,32.6,20.71,4592.66,7.57,3.85
Michael Pressman,3,0.1,33.75,19.1,212.0,5.63,2.63
Robert Aldrich,3,0.1,32.55,43.01,707.84,6.63,3.67
Xavier Gens,3,0.1,33.34,0.02,108.62,5.43,2.5
John Ford,10,0.09,8.52,4.2,174.15,6.76,3.92
Lars von Trier,8,0.09,10.75,3.02,31.11,7.01,3.83
James Ivory,7,0.09,12.77,12.99,132.76,6.24,3.37
Nicolas Winding Refn,5,0.09,18.4,2.26,247.65,6.44,3.35
Steve Rash,5,0.09,17.31,14.36,644.86,6.06,3.3
Arthur Penn,4,0.09,21.79,17.03,812.8,7.25,3.96
Karan Johar,4,0.09,21.41,16.15,387.42,7.02,3.0
Michael Cimino,4,0.09,23.47,20.2,39.73,6.85,3.53
Paul Michael Glaser,4,0.09,22.28,23.06,6.71,6.25,2.97
Rick Famuyiwa,4,0.09,22.95,23.23,770.54,6.75,2.32
Akiva Schaffer,3,0.09,30.7,14.33,0.39,6.07,2.5
John Schultz,3,0.09,31.55,22.59,60.62,5.4,3.04
Sanjay Leela Bhansali,3,0.09,29.58,32.0,187.18,7.33,4.5
Sean Penn,3,0.09,28.62,29.4,53.92,6.87,3.56
Mira Nair,8,0.08,9.43,7.24,-13.68,6.35,3.16
Brad Anderson,6,0.08,14.14,3.5,53.33,6.42,3.42
Fred Schepisi,6,0.08,13.57,8.15,-53.94,6.25,3.22
Martin Ritt,6,0.08,13.85,11.0,77.5,6.47,3.65
Peter Bogdanovich,6,0.08,13.18,2.96,484.28,6.5,3.72
Andrew Fleming,5,0.08,16.5,20.44,55.46,5.84,2.73
Mark Pellington,5,0.08,16.32,1.83,61.96,6.0,3.54
Michael Haneke,5,0.08,16.74,9.8,138.32,6.98,3.62
Michael Winner,5,0.08,16.98,16.95,957.2,6.34,2.52
Roland Joffé,5,0.08,15.92,14.68,-19.63,6.16,3.42
Fred Zinnemann,4,0.08,19.91,20.58,909.25,7.42,3.88
Karyn Kusama,4,0.08,21.03,15.89,40.8,5.52,2.68
Ted Post,4,0.08,20.97,18.65,847.03,6.42,3.14
Charles Stone III,3,0.08,27.49,21.8,80.31,5.87,2.75
Derek Cianfrance,3,0.08,26.0,25.96,179.89,6.87,3.82
Gina Prince-Bythewood,3,0.08,26.82,27.73,131.3,7.3,3.58
John Herzfeld,3,0.08,26.81,23.65,-52.1,5.73,1.72
Mark Rosman,3,0.08,26.89,10.6,879.69,5.97,3.5
Mary Lambert,3,0.08,26.59,17.09,149.39,5.37,2.58
Michael Anderson,3,0.08,27.24,25.0,307.69,6.2,3.33
Sanaa Hamri,3,0.08,25.76,21.52,64.27,6.1,2.92
J. Lee Thompson,6,0.07,11.13,9.27,246.64,5.83,3.28
Stanley Donen,6,0.07,12.45,10.34,169.42,5.68,3.8
John Dahl,5,0.07,14.83,10.17,-10.26,6.52,4.01
Todd Haynes,5,0.07,14.99,4.0,105.03,6.82,3.77
Brett Leonard,4,0.07,17.12,18.12,21.1,4.95,3.01
George Stevens,4,0.07,18.27,17.74,316.03,7.1,3.88
James Gray,4,0.07,18.13,7.22,-11.74,6.35,3.25
John Crowley,4,0.07,18.47,5.3,230.73,6.62,4.42
John Flynn,4,0.07,17.6,13.23,87.73,6.1,
King Vidor,4,0.07,16.77,16.45,2342.98,6.35,4.33
Randa Haines,4,0.07,17.56,16.07,217.67,6.2,3.56
Rick Rosenthal,4,0.07,18.64,17.36,555.54,5.52,3.1
Anees Bazmee,3,0.07,21.87,25.0,4.93,5.83,
Billy Ray,3,0.07,23.68,33.23,13.91,6.43,3.82
Jack Smight,3,0.07,22.57,12.0,553.61,5.6,2.64
Kevin Hooks,3,0.07,22.98,17.19,81.27,5.47,2.75
Phil Joanou,3,0.07,24.59,28.59,38.27,6.2,4.0
Steven Zaillian,3,0.07,24.47,9.45,-50.91,6.37,3.54
Park Chan-wook,6,0.06,9.86,8.22,68.0,7.4,3.52
Ralph Bakshi,6,0.06,10.31,7.5,256.03,6.23,3.16
Davis Guggenheim,5,0.06,11.77,2.96,1464.54,6.26,3.36
Ernest R. Dickerson,5,0.06,12.74,7.69,73.58,5.7,2.25
Ken Russell,5,0.06,11.33,1.19,188.32,6.06,2.61
Mani Ratnam,5,0.06,11.86,6.0,269.09,6.02,
Martha Coolidge,5,0.06,11.02,11.45,2419.43,6.02,3.38
Mike Leigh,5,0.06,11.25,13.42,162.35,6.86,3.72
Richard Brooks,5,0.06,12.7,13.01,334.66,6.84,3.38
Christian Duguay,4,0.06,15.29,12.59,-56.06,5.32,3.03
Jim Jarmusch,4,0.06,14.45,5.03,86.02,7.05,3.5
Julian Jarrold,4,0.06,14.91,11.05,46.08,6.42,3.25
Robert Lieberman,4,0.06,14.98,17.27,-35.16,5.55,2.0
Tony Bill,4,0.06,15.22,18.35,-78.07,6.5,2.52
Walter Salles,4,0.06,14.15,12.77,4.35,6.4,3.55
Adam Wingard,3,0.06,20.63,14.35,375.4,6.0,3.66
Bob Fosse,3,0.06,21.43,20.0,150.0,6.63,3.12
Christopher Cain,3,0.06,20.23,15.83,137.97,5.5,2.84
Don Taylor,3,0.06,18.51,16.65,341.97,6.17,2.56
Joseph Zito,3,0.06,20.0,22.81,838.51,5.33,2.5
Michael J. Bassett,3,0.06,20.79,7.81,39.43,5.53,
Rian Johnson,3,0.06,18.83,5.53,236.52,6.73,3.33
Sheldon Lettich,3,0.06,19.15,24.08,118.9,6.0,2.75
David Mackenzie,6,0.05,8.86,1.7,17.69,6.52,3.25
Daniel Petrie,5,0.05,9.91,3.91,43.0,5.82,2.44
Albert Pyun,4,0.05,13.23,6.28,1405.44,4.88,
Michael Schultz,4,0.05,13.12,9.96,142.17,5.4,4.0
Andrew Dominik,3,0.05,17.63,14.71,50.96,6.5,3.44
Bob Rafelson,3,0.05,16.69,24.85,155.22,5.5,2.5
Brian G. Hutton,3,0.05,18.2,21.0,101.36,6.77,2.94
Carol Reed,3,0.05,17.47,14.4,267.02,7.1,3.91
Cary Fukunaga,3,0.05,16.3,9.08,51.3,7.3,4.08
Cédric Klapisch,3,0.05,17.06,23.55,26.67,6.77,3.42
Daniel Barnz,3,0.05,16.95,5.31,43.82,5.97,3.25
David Seltzer,3,0.05,16.95,21.03,38.44,5.9,3.74
Dennis Hopper,3,0.05,16.5,1.6,676.93,5.9,2.63
Douglas McGrath,3,0.05,17.98,22.23,68.9,6.03,2.41
Fatih Akin,3,0.05,15.57,17.8,313.0,6.97,4.58
Graham Baker,3,0.05,18.05,20.47,4.31,5.27,2.86
Greg McLean,3,0.05,16.1,10.9,956.37,5.5,3.0
James Fargo,3,0.05,17.63,6.66,1006.86,6.23,4.3
Jaume Balagueró,3,0.05,16.37,18.47,1079.84,6.27,3.33
John Derek,3,0.05,15.17,8.91,27.36,3.23,0.5
John Irvin,3,0.05,15.33,15.94,61.78,5.67,2.0
Mario Van Peebles,3,0.05,18.27,6.83,460.29,6.47,3.25
Richard Eyre,3,0.05,17.13,1.14,68.72,6.33,2.75
Shari Springer Berman,3,0.05,18.06,6.0,22.58,6.37,3.08
Paul Schrader,8,0.04,4.96,1.65,7.07,5.94,3.39
Howard Hawks,7,0.04,6.2,5.8,432.69,7.3,3.58
Dito Montiel,5,0.04,7.44,0.52,-66.92,5.82,3.5
Frank Capra,5,0.04,7.24,7.43,490.45,7.62,3.99
John Sturges,5,0.04,7.7,6.33,178.96,7.1,3.82
Michael Curtiz,5,0.04,7.56,5.64,360.69,7.14,4.0
François Ozon,4,0.04,9.2,6.75,187.71,6.85,3.7
Jeff Nichols,4,0.04,9.97,7.6,3.09,6.7,3.23
John Hough,4,0.04,10.38,10.7,,5.9,3.25
Mary Harron,4,0.04,9.37,1.61,389.52,6.2,3.74
Sergio Leone,4,0.04,10.21,10.25,2489.11,7.9,3.96
Anand Tucker,3,0.04,13.84,11.59,35.08,6.33,3.66
Ashutosh Gowariker,3,0.04,12.43,13.0,39.49,7.17,3.69
Barry W. Blaustein,3,0.04,13.65,0.5,-75.65,6.2,2.38
Dmitriy Dyachenko,3,0.04,11.7,12.01,295.84,6.57,
Gautham Vasudev Menon,3,0.04,14.0,14.0,256.4,7.27,
George T. Miller,3,0.04,12.75,16.28,220.58,6.03,3.24
J.C. Chandor,3,0.04,12.54,12.01,128.39,6.6,3.5
Jocelyn Moorhouse,3,0.04,14.15,18.34,94.74,6.57,3.39
Joe Roth,3,0.04,12.43,14.66,-61.09,5.53,1.0
Nicole Holofcener,3,0.04,14.28,13.37,840.22,6.0,2.83
Peter Sollett,3,0.04,12.12,2.82,142.19,7.1,3.14
Rakeysh Omprakash Mehra,3,0.04,14.92,11.5,433.16,6.7,
Robert Mandel,3,0.04,12.21,14.72,,6.6,3.72
Rod Lurie,3,0.04,12.72,10.32,-72.9,6.47,2.8
Stewart Hendler,3,0.04,12.92,6.27,8.14,5.53,
Charlie Chaplin,6,0.03,4.42,2.5,141666879.88,7.67,4.18
Ken Loach,6,0.03,5.69,1.82,252.14,6.88,2.0
Noah Baumbach,6,0.03,5.35,5.11,307.88,6.57,3.28
Bernard Rose,5,0.03,5.49,0.79,116.06,6.2,3.06
Costa-Gavras,5,0.03,6.2,6.26,-78.92,6.86,3.69
Elia Kazan,4,0.03,6.35,7.9,497.35,7.48,4.0
Ferzan Ozpetek,4,0.03,7.31,6.74,17.43,6.98,
George Sidney,4,0.03,8.16,7.45,201.73,7.02,3.5
Isabel Coixet,4,0.03,8.23,7.29,-24.04,6.6,3.62
James Ponsoldt,4,0.03,7.68,4.93,54.46,6.45,3.88
Julian Schnabel,4,0.03,8.04,5.77,21.46,6.45,3.58
Paolo Sorrentino,4,0.03,8.36,9.82,-28.9,7.05,3.0
Ram Gopal Varma,4,0.03,7.16,5.95,294.63,5.95,
Randall Miller,4,0.03,7.69,2.19,-14.83,6.38,3.15
Asif Kapadia,3,0.03,9.54,8.41,-20.05,6.9,3.8
Don Coscarelli,3,0.03,11.11,11.99,2019.46,6.27,3.94
Hal Ashby,3,0.03,11.0,1.88,-94.43,5.6,4.09
Ken Annakin,3,0.03,11.45,3.57,137.54,6.33,3.25
Marius Balchunas,3,0.03,9.67,9.71,192.06,4.87,
Mike Hodges,3,0.03,9.68,1.43,-49.34,5.83,3.04
Peter Medak,3,0.03,11.48,12.0,-58.38,5.73,3.3
Prachya Pinkaew,3,0.03,10.16,3.3,352.76,6.43,3.5
Richard Kelly,3,0.03,11.66,1.27,-55.17,6.1,3.43
Robert Greenwald,3,0.03,8.76,3.79,12.36,4.9,3.25
Sarik Andreasyan,3,0.03,9.87,9.94,310.59,3.97,
Stacy Title,3,0.03,9.05,0.44,80.44,5.27,2.42
Terry Jones,3,0.03,9.08,7.2,154.73,6.1,4.43
Uli Edel,3,0.03,9.66,13.27,-47.06,5.2,1.75
Uwe Boll,3,0.03,8.89,10.44,-13.59,3.17,0.75
Wim Wenders,7,0.02,3.13,1.06,47.9,6.54,3.5
Aaron Norris,4,0.02,5.66,5.64,-15.1,4.92,3.0
Andrew Lau,4,0.02,3.96,3.57,129.07,6.35,4.17
David Mamet,4,0.02,6.16,5.35,-9.75,6.55,3.8
James Toback,4,0.02,5.19,3.65,15.58,4.9,2.94
John Waters,4,0.02,6.0,6.91,12437.02,6.1,3.52
Michael Dowse,4,0.02,5.34,6.71,-62.06,6.62,3.56
Michael Polish,4,0.02,4.01,2.44,-35.53,5.6,3.0
Michael Winterbottom,4,0.02,5.46,1.26,-6.15,6.35,4.0
Pablo Larraín,4,0.02,4.32,1.64,55.12,6.55,
Richard Rich,4,0.02,5.54,5.02,-62.04,5.6,2.6
Steve Carver,4,0.02,5.63,4.75,55.67,5.88,
Susanne Bier,4,0.02,4.61,4.13,-0.03,6.1,
Werner Herzog,4,0.02,6.14,6.82,-42.94,6.9,3.45
Christopher Guest,3,0.02,8.14,5.54,20.34,6.13,3.56
Franc Roddam,3,0.02,6.15,3.56,,5.87,
Henry Hathaway,3,0.02,8.32,8.5,302.86,6.7,3.18
Jesse Peretz,3,0.02,6.8,3.09,-6.88,4.63,3.67
John Curran,3,0.02,5.47,4.88,-44.5,6.0,3.0
John Sayles,3,0.02,5.65,2.0,10.79,7.03,3.87
Julie Delpy,3,0.02,7.15,1.65,-79.33,5.67,2.5
Kazuaki Kiriya,3,0.02,7.06,3.64,1.64,6.23,1.5
Louis Malle,3,0.02,6.84,7.53,76.8,7.0,3.68
Mamoru Oshii,3,0.02,6.97,8.83,10.33,7.3,4.03
Martin Davidson,3,0.02,8.24,4.79,2400.0,6.23,3.42
Mike Judge,3,0.02,8.06,10.85,-11.49,6.47,3.23
Priyadarshan,3,0.02,6.67,10.0,53.62,5.43,
Robert Mulligan,3,0.02,5.33,2.85,236.3,7.17,3.71
Shinji Aramaki,3,0.02,6.53,1.46,257.25,6.7,4.5
Takashi Miike,3,0.02,6.76,2.73,82.16,6.4,2.9
Tony Kaye,3,0.02,7.98,0.07,19.38,7.87,4.51
Abel Ferrara,7,0.01,1.2,1.23,-1.36,6.13,3.36
Corey Yuen Kwai,5,0.01,2.44,2.97,-97.71,5.86,4.0
Deepa Mehta,5,0.01,2.52,0.53,-97.05,5.92,4.0
Kim Ki-duk,5,0.01,2.03,0.02,1679.98,7.0,3.29
Steve James,5,0.01,1.76,0.28,463.02,6.3,3.42
Andrea Arnold,4,0.01,1.33,1.44,-60.07,6.42,4.25
Atom Egoyan,4,0.01,3.7,2.63,-39.16,6.48,3.1
Roger Corman,4,0.01,1.55,1.47,555.13,6.45,3.67
Stuart Gordon,4,0.01,2.91,1.82,-14.12,6.2,3.77
Adam Rifkin,3,0.01,4.08,4.22,-52.16,6.07,3.0
Agnieszka Holland,3,0.01,1.97,0.34,,7.0,3.0
Alex Cox,3,0.01,1.79,2.3,-23.86,6.7,4.05
Anurag Kashyap,3,0.01,2.2,1.5,65.16,6.5,
Arnaud Desplechin,3,0.01,2.55,0.27,-99.7,6.53,
Darrell James Roodt,3,0.01,2.37,3.03,,5.73,2.46
Dominik Moll,3,0.01,1.81,0.81,-92.66,6.47,4.0
Drake Doremus,3,0.01,1.88,2.08,614.98,6.17,
Edward Burns,3,0.01,3.96,2.4,155.59,5.63,2.7
Gillian Armstrong,3,0.01,4.5,4.39,-58.1,5.97,1.67
Henry King,3,0.01,3.08,3.22,33.39,5.77,4.75
Jay Oliva,3,0.01,4.75,5.16,47.3,6.27,
Jeff Burr,3,0.01,2.9,1.52,27.27,5.9,3.25
Larry Clark,3,0.01,2.84,0.63,394.15,6.63,3.82
Michael Corrente,3,0.01,2.81,0.67,-45.05,5.87,3.03
Mike Mills,3,0.01,4.36,5.33,24.87,6.77,3.0
Rodman Flender,3,0.01,2.21,2.26,-35.18,5.7,2.93
Ryan Fleck,3,0.01,3.84,4.91,291.4,6.43,3.38
Sam Liu,3,0.01,4.62,3.78,7.86,6.37,
Scott McGehee,3,0.01,2.68,1.07,-66.62,6.2,3.12
Stewart Raffill,3,0.01,3.41,3.75,-71.14,4.17,
Teddy Chan,3,0.01,3.27,3.85,-86.37,6.3,
Terence Davies,3,0.01,2.72,1.86,-62.72,6.57,3.38
Udayan Prasad,3,0.01,2.24,0.41,-97.89,5.37,2.0
Vincente Minnelli,3,0.01,3.02,2.96,62.58,6.87,3.48
Eloy de la Iglesia,7,0.0,0.69,0.65,,5.81,
Ben Wheatley,6,0.0,0.7,0.12,-65.98,6.07,3.38
Gregg Araki,6,0.0,0.36,0.04,,6.18,3.07
Jean-Luc Godard,6,0.0,0.14,0.07,-21.92,7.17,4.14
Akira Kurosawa,4,0.0,1.12,0.18,-70.8,8.05,4.36
Aleksey Balabanov,4,0.0,0.55,0.47,-78.72,6.55,
Alex Gibney,4,0.0,0.44,0.44,-72.53,6.52,4.25
Olivier Assayas,4,0.0,1.03,1.09,-81.79,6.25,
Oren Moverman,4,0.0,1.0,1.15,-84.25,5.5,3.5
Abderrahmane Sissako,3,0.0,0.4,0.11,-94.45,5.77,
Bruce McDonald,3,0.0,0.12,0.03,-96.68,6.5,3.88
Clarence Brown,3,0.0,1.37,1.44,60.58,5.67,
Cristian Mungiu,3,0.0,0.55,0.34,-21.86,7.1,4.38
François Truffaut,3,0.0,0.17,0.04,-94.03,7.5,4.17
Gaspar Noé,3,0.0,0.33,0.25,-92.95,6.5,4.21
Godfrey Reggio,3,0.0,0.78,0.59,-88.0,7.07,2.81
Jamie Babbit,3,0.0,1.0,0.38,-13.03,6.2,3.2
Jim Mickle,3,0.0,0.18,0.08,-94.89,6.0,3.0
Kirby Dick,3,0.0,0.28,0.3,,6.93,4.1
Lynn Shelton,3,0.0,1.43,1.07,2460.0,5.93,3.33
Mamoru Hosoda,3,0.0,1.46,0.49,,7.7,3.94
Michael Cuesta,3,0.0,1.4,1.67,3.7,6.77,3.5
Mike Cahill,3,0.0,1.05,1.03,1676.94,6.93,3.42
Satyajit Ray,3,0.0,0.24,0.17,,8.0,4.06
Sterling Van Wagenen,3,0.0,1.12,1.33,-74.23,6.6,
Ti West,3,0.0,0.05,0.05,-94.66,5.57,2.75
Tod Browning,3,0.0,0.88,0.92,341.41,6.4,4.11
Ulrich Seidl,3,0.0,0.01,0.01,-99.33,6.43,
Xavier Dolan,3,0.0,1.19,0.06,-64.28,7.77,
