director,receita_total_bi,nota_metadata_media,nota_usuarios_media,qtd_filmes
Steven Spielberg,9.26,6.94,3.53,30
Peter Jackson,6.53,7.27,3.55,11
Michael Bay,6.44,6.39,2.99,13
James Cameron,5.9,7.31,3.71,8
David Yates,5.33,7.15,3.69,6
Christopher Nolan,4.75,7.72,3.91,10
Robert Zemeckis,4.14,6.86,3.36,17
Tim Burton,4.03,6.73,3.32,18
Ridley Scott,3.92,6.58,3.3,23
Chris Columbus,3.87,6.46,3.14,13
Roland Emmerich,3.8,5.93,2.78,11
Ron Howard,3.71,6.51,3.34,19
J.J. Abrams,3.58,7.08,3.56,5
Gore Verbinski,3.58,6.44,3.18,10
George Lucas,3.34,6.88,3.54,6
Sam Raimi,3.19,6.49,3.22,10
Francis Lawrence,3.18,6.8,3.27,6
Clint Eastwood,3.1,6.79,3.39,29
Bill Condon,3.02,6.16,3.03,8
Joss Whedon,2.96,7.48,3.82,4
Bryan Singer,2.81,6.65,3.35,8
Andrew Stanton,2.77,7.07,3.44,4
M. Night Shyamalan,2.73,6.01,2.59,10
Sam Mendes,2.71,6.93,3.66,7
Jon Favreau,2.64,6.51,3.18,8
Andrew Adamson,2.61,6.62,3.52,5
Carlos Saldanha,2.53,6.45,3.03,4
Kyle Balda,2.53,6.3,2.45,3
Zack Snyder,2.48,6.49,2.88,7
Barry Sonnenfeld,2.4,6.1,2.91,11
James Wan,2.38,6.9,3.24,7
Justin Lin,2.3,6.5,2.96,6
John Lasseter,2.26,6.84,3.2,5
Shawn Levy,2.22,6.04,2.73,10
Steven Soderbergh,2.16,6.23,3.18,17
Pete Docter,2.16,7.73,3.95,3
David Fincher,2.14,7.35,3.76,10
Tony Scott,2.13,6.48,3.29,16
Ron Clements,2.04,7.14,3.44,7
Anthony Russo,2.0,6.7,3.4,3
F. Gary Gray,2.0,6.69,3.41,9
Martin Scorsese,1.99,7.39,3.86,19
Brett Ratner,1.98,6.21,3.02,8
Raja Gosnell,1.93,5.43,1.94,9
Martin Campbell,1.87,6.18,3.0,8
Wolfgang Petersen,1.82,6.57,3.39,10
Rob Marshall,1.78,6.26,3.06,5
Todd Phillips,1.77,6.23,2.86,9
Richard Donner,1.74,6.58,3.34,14
Jay Roach,1.73,6.18,3.15,9
Jon Turteltaub,1.71,6.29,3.2,8
James Mangold,1.69,6.81,3.45,7
Eric Darnell,1.68,6.32,2.81,4
Alfonso Cuarón,1.67,7.22,3.61,5
James Gunn,1.64,7.37,3.74,3
Garry Marshall,1.63,5.98,2.69,13
Dennis Dugan,1.62,5.74,2.48,11
Ivan Reitman,1.61,5.94,3.01,12
Paul W.S. Anderson,1.61,5.82,2.87,11
Mike Mitchell,1.61,5.73,2.82,6
Gareth Edwards,1.59,6.57,2.96,3
Brad Bird,1.56,7.0,3.6,4
Marc Webb,1.56,6.98,3.19,4
Joel Schumacher,1.55,6.11,3.18,17
Mike Newell,1.55,6.68,3.66,8
Quentin Tarantino,1.53,7.68,3.93,9
Colin Trevorrow,1.52,6.97,3.8,3
Peter Berg,1.49,6.5,3.37,9
Stephen Sommers,1.46,6.04,2.88,5
Tom Shadyac,1.45,6.16,2.8,7
Chris Weitz,1.45,6.28,3.04,5
John Woo,1.45,6.44,3.38,10
Lilly Wachowski,1.44,6.0,2.58,4
Ang Lee,1.43,6.75,3.56,11
Rob Cohen,1.42,5.64,2.56,10
Marc Forster,1.42,6.74,3.63,8
Paul Greengrass,1.41,6.93,3.88,7
Joe Johnston,1.41,6.33,3.1,7
Edward Zwick,1.39,6.59,3.55,11
Sylvester Stallone,1.39,6.15,3.04,8
Oliver Stone,1.37,6.56,3.19,17
Doug Liman,1.34,6.71,3.54,8
Shane Black,1.29,7.0,3.68,3
Matt Reeves,1.28,6.78,3.32,4
Conrad Vernon,1.27,6.0,2.52,3
Jan de Bont,1.26,5.54,2.65,5
Nancy Meyers,1.25,6.48,3.2,5
Barry Levinson,1.23,6.16,3.27,14
Guy Ritchie,1.23,6.81,3.69,8
Bobby Farrelly,1.22,5.76,2.69,11
George Miller,1.21,6.32,3.24,9
Kenneth Branagh,1.19,6.26,2.95,7
Phillip Noyce,1.18,6.22,3.18,11
Tim Story,1.18,5.91,2.27,8
John McTiernan,1.17,6.79,3.36,8
McG,1.15,5.88,2.76,6
Antoine Fuqua,1.15,6.54,3.12,10
Mel Gibson,1.14,7.18,3.57,5
Scott Derrickson,1.13,6.35,2.83,4
Jon M. Chu,1.12,5.9,1.83,6
Phil Lord,1.1,6.92,3.91,4
David Ayer,1.09,6.43,3.45,6
Renny Harlin,1.09,5.7,2.78,16
Michael Apted,1.08,6.23,3.44,11
Robert Rodriguez,1.08,5.81,2.72,15
Simon West,1.08,5.89,3.06,7
Peter Segal,1.07,6.08,2.76,8
Peyton Reed,1.06,6.18,2.96,5
Brian De Palma,1.06,6.49,3.16,19
Rob Minkoff,1.06,5.92,2.87,6
Joel Coen,1.05,7.05,3.74,13
Michael Mann,1.04,6.65,3.3,11
Paul Verhoeven,1.03,6.46,3.01,8
Guillermo del Toro,1.01,6.61,3.09,8
Matthew Vaughn,1.01,7.2,3.78,5
Kevin Lima,1.01,6.38,3.03,4
Sydney Pollack,1.0,6.4,3.29,10
Hayao Miyazaki,1.0,7.89,4.15,7
Woody Allen,0.99,6.96,3.45,27
Frank Coraci,0.99,6.0,2.56,7
Jonathan Liebesman,0.98,5.6,1.83,3
Chris Wedge,0.98,6.38,3.22,4
Hamilton Luske,0.97,6.9,3.56,4
Rob Reiner,0.96,6.75,3.56,15
Francis Ford Coppola,0.95,6.96,3.39,14
Lasse Hallström,0.95,6.74,3.49,13
Brad Peyton,0.95,5.45,2.58,4
Robert Schwentke,0.93,6.15,2.5,6
Tom Hooper,0.92,7.4,3.75,3
Christopher McQuarrie,0.92,6.6,3.23,3
Paul Feig,0.91,6.3,2.49,4
Andrew Davis,0.89,6.02,3.12,9
Andy Tennant,0.89,6.0,3.04,6
John Glen,0.89,5.82,3.38,6
D.J. Caruso,0.88,6.17,3.36,7
Alejandro González Iñárritu,0.88,7.25,3.75,6
Adam Shankman,0.87,6.04,3.08,8
Olivier Megaton,0.87,6.15,1.93,4
Gary Ross,0.86,6.77,3.6,3
Peter Weir,0.86,6.95,3.7,10
Nora Ephron,0.86,5.94,3.13,5
Adam McKay,0.86,6.47,3.35,6
Betty Thomas,0.85,5.7,2.91,5
Wes Craven,0.85,5.97,3.09,15
Adrian Lyne,0.84,6.32,3.27,8
John Landis,0.84,6.47,3.29,10
Mark Waters,0.82,5.96,2.97,9
Brian Levant,0.82,5.2,2.48,6
Chuck Russell,0.81,6.06,2.77,5
Kevin Reynolds,0.81,6.37,3.14,7
Mike Nichols,0.81,6.79,3.86,10
Danny Boyle,0.8,6.95,3.57,10
David Frankel,0.79,6.33,3.05,7
Len Wiseman,0.79,6.3,3.14,4
David Slade,0.78,6.3,2.91,3
Luc Besson,0.78,6.63,3.35,11
Roger Donaldson,0.78,6.05,3.03,12
Brad Silberling,0.77,6.27,2.99,6
Alex Proyas,0.77,6.46,3.33,5
David O. Russell,0.77,6.72,3.33,6
Irvin Kershner,0.76,6.32,3.22,4
Cameron Crowe,0.76,6.52,3.62,8
Darren Aronofsky,0.76,6.98,3.46,6
Baz Luhrmann,0.76,6.78,3.31,5
Stephen Chow,0.74,6.52,3.68,4
Garth Jennings,0.74,6.7,3.4,3
Jerry Zucker,0.74,6.45,3.34,4
Lee Tamahori,0.74,6.2,3.07,7
Jonathan Mostow,0.74,6.12,3.04,4
Tim Hill,0.72,5.46,2.34,5
Louis Leterrier,0.72,6.3,2.97,7
Zhang Yimou,0.7,6.83,3.73,6
Robert Luketic,0.7,5.93,2.96,7
Jean-Jacques Annaud,0.69,6.84,3.6,8
Alan J. Pakula,0.69,6.44,3.49,7
Anne Fletcher,0.69,6.06,2.67,5
John Singleton,0.68,6.52,2.65,9
Gary Trousdale,0.66,7.0,3.48,3
Keenen Ivory Wayans,0.66,5.8,2.6,5
William Friedkin,0.66,6.41,3.63,11
Rawson Marshall Thurber,0.65,6.4,2.95,3
Jaume Collet-Serra,0.65,6.33,3.03,6
Jonathan Demme,0.65,6.98,3.46,8
Stephen Herek,0.64,6.13,3.04,9
Roger Spottiswoode,0.64,6.02,2.66,8
Martin Brest,0.64,6.34,3.11,5
John Madden,0.63,6.39,3.56,8
Seth Gordon,0.63,5.85,1.97,4
David Dobkin,0.63,6.2,3.15,5
Nicholas Stoller,0.63,5.96,3.2,5
John Moore,0.62,5.48,2.03,5
Steve Carr,0.62,5.72,1.98,6
Judd Apatow,0.62,5.9,3.07,5
Walt Becker,0.62,5.62,1.98,4
Ben Stiller,0.62,6.08,3.14,6
Timur Bekmambetov,0.61,5.79,3.39,7
Neill Blomkamp,0.6,6.77,3.19,3
Richard Marquand,0.59,6.87,4.28,3
Duncan Jones,0.59,7.0,4.05,3
Harald Zwart,0.58,5.7,2.81,4
David Zucker,0.58,5.8,3.13,6
Harold Ramis,0.57,5.98,2.87,8
John G. Avildsen,0.56,5.66,2.94,10
Morten Tyldum,0.55,7.3,4.14,3
Gavin Hood,0.55,6.62,3.37,5
Tarsem Singh,0.55,6.24,2.96,5
Andy Fickman,0.55,5.77,2.35,6
John Lee Hancock,0.55,6.76,3.63,5
James Bobin,0.54,6.4,3.34,3
P.J. Hogan,0.54,6.58,3.27,4
Joe Wright,0.54,6.78,2.84,6
Anthony Minghella,0.54,6.78,2.84,4
Guy Hamilton,0.54,6.45,3.64,8
Peter Hyams,0.54,5.66,2.99,11
Neil Burger,0.54,7.03,3.43,3
Roger Michell,0.53,6.1,2.82,7
Nick Cassavetes,0.53,6.92,2.83,5
Curtis Hanson,0.52,6.15,3.48,6
Donald Petrie,0.51,5.57,2.78,7
Kevin Costner,0.51,6.9,3.16,3
James Foley,0.51,6.11,3.38,7
Kelly Asbury,0.51,6.47,2.34,3
Lewis Gilbert,0.51,6.33,3.68,3
Catherine Hardwicke,0.5,6.28,2.87,4
Taylor Hackford,0.5,6.62,3.72,5
Jim Abrahams,0.49,6.36,3.17,5
Mark Dindal,0.49,6.63,3.11,3
Dominic Sena,0.49,5.84,2.71,5
Walter Hill,0.48,6.21,2.76,15
Robert Wise,0.47,6.63,3.33,7
John Badham,0.47,6.3,3.38,7
James L. Brooks,0.47,6.18,3.44,4
Jason Reitman,0.46,6.58,3.15,6
Mark Steven Johnson,0.46,5.54,2.71,5
Darren Lynn Bousman,0.46,6.25,3.01,4
Terry Gilliam,0.45,6.72,3.38,10
Emile Ardolino,0.45,6.4,3.2,3
Stanley Kubrick,0.45,7.7,3.86,9
Gus Van Sant,0.44,6.49,3.61,11
Ben Affleck,0.44,6.88,3.83,4
Tyler Perry,0.44,6.29,2.25,9
Jon Amiel,0.44,6.0,3.1,4
Victor Fleming,0.44,7.03,4.0,3
David R. Ellis,0.44,5.57,2.42,6
Wes Anderson,0.44,7.38,3.84,8
Henry Joost,0.44,6.04,2.72,5
Herbert Ross,0.43,6.54,3.39,7
Tony Gilroy,0.43,6.1,3.12,3
Peter Chelsom,0.43,6.12,2.88,6
Edgar Wright,0.43,7.2,3.78,5
Brian Helgeland,0.43,6.32,3.21,5
Sean Anders,0.43,5.85,2.69,4
George P. Cosmatos,0.42,5.86,2.78,5
Mick Jackson,0.42,6.13,2.79,3
Stephen Hopkins,0.42,6.01,3.12,9
Denis Villeneuve,0.42,7.38,3.27,5
Penny Marshall,0.42,6.52,3.52,6
Les Mayfield,0.42,5.6,2.82,7
Jimmy Hayward,0.42,5.5,2.6,3
Joe Dante,0.42,6.36,3.14,9
Alexander Payne,0.41,6.9,3.7,5
Frank Darabont,0.41,7.5,3.9,4
Jeff Tremaine,0.41,6.22,3.31,4
Joseph Ruben,0.4,5.84,2.86,7
Clyde Geronimi,0.4,6.87,3.63,3
Neil Jordan,0.4,6.53,3.4,9
Baltasar Kormákur,0.4,6.42,2.76,4
Stephen Frears,0.4,6.43,3.85,11
Roman Polanski,0.39,7.02,3.77,11
Spike Lee,0.39,6.55,3.37,13
Phil Alden Robinson,0.38,6.57,3.43,3
Amy Heckerling,0.38,6.12,3.28,4
John Hamburg,0.38,6.2,3.12,3
Michael Lembeck,0.38,5.52,2.0,4
Norman Jewison,0.38,6.87,3.66,10
Will Gluck,0.38,6.3,3.49,4
Bruce Beresford,0.38,6.0,3.28,8
George Roy Hill,0.37,6.85,3.92,6
Hal Needham,0.37,6.12,2.62,6
Paul Weitz,0.37,5.55,2.5,6
Mikael Håfström,0.37,6.28,3.11,4
Blake Edwards,0.37,5.84,3.34,17
Richard Curtis,0.37,7.33,3.84,3
Robert Redford,0.37,6.37,2.73,6
Randal Kleiser,0.37,6.05,2.78,6
Michael Haigney,0.37,6.37,2.27,3
Jean-Pierre Jeunet,0.36,7.03,3.97,6
Jake Kasdan,0.36,5.84,2.84,5
Frank Marshall,0.36,6.15,2.75,4
George Clooney,0.36,6.28,3.4,5
Gary Winick,0.36,5.88,2.82,4
Richard Linklater,0.35,6.87,3.53,15
Gregory Hoblit,0.35,6.65,3.46,6
S.S. Rajamouli,0.35,6.97,,3
Ken Kwapis,0.35,6.02,2.99,6
Tom Dey,0.35,5.5,2.91,4
Mel Brooks,0.34,6.83,3.69,6
Tom Tykwer,0.34,6.5,3.34,6
Jonathan Frakes,0.34,5.6,4.12,4
Glenn Ficarra,0.33,6.52,3.69,4
John Carpenter,0.33,6.53,3.32,14
Tate Taylor,0.33,6.83,4.0,3
Marc Lawrence,0.33,5.75,2.94,4
Stanley Tong,0.33,6.4,3.48,4
Luis Llosa,0.33,5.4,2.81,3
Malcolm D. Lee,0.32,5.92,3.72,6
Joe Carnahan,0.32,6.36,2.94,5
Thor Freudenthal,0.32,5.83,2.75,3
Michel Gondry,0.32,6.47,3.28,6
Breck Eisner,0.32,5.87,2.92,3
Stephen Daldry,0.32,7.12,3.2,4
Alan Parker,0.32,6.85,3.58,10
Jesse Dylan,0.32,6.0,2.75,3
Frank Oz,0.32,6.57,3.29,6
James DeMonaco,0.32,6.23,2.25,3
Wolfgang Reitherman,0.32,7.02,3.64,4
Jason Friedberg,0.31,3.58,1.09,5
John Hughes,0.31,7.05,3.61,6
Daniel Espinosa,0.31,6.23,3.12,3
Stephen Norrington,0.31,6.0,3.08,3
Luke Greenfield,0.31,5.8,3.28,4
John Frankenheimer,0.31,6.1,3.22,11
José Padilha,0.31,6.97,3.52,3
David Twohy,0.3,6.25,3.13,6
Hugh Wilson,0.3,6.45,3.03,4
Roger Kumble,0.3,5.48,3.36,5
Dean Parisot,0.3,5.87,2.67,3
Pierre Morel,0.3,6.35,3.41,4
Kathryn Bigelow,0.3,6.55,3.27,6
Steve Miner,0.3,5.47,2.43,6
David Bowers,0.3,6.1,3.08,5
Andrzej Bartkowiak,0.3,5.2,2.5,5
Sidney Lumet,0.29,6.84,3.79,13
Gary Fleder,0.29,6.55,3.28,6
Andrew Niccol,0.29,6.43,2.98,6
Rob Bowman,0.29,5.9,2.79,4
Stuart Baird,0.29,6.03,3.26,3
Kirk Jones,0.29,5.93,3.0,3
Terence Young,0.29,6.95,3.78,4
Arthur Hiller,0.29,6.38,3.06,5
Wayne Wang,0.29,6.01,3.25,8
Ron Shelton,0.28,5.99,3.18,8
Brian Robbins,0.28,5.27,2.5,6
Richard Lester,0.28,6.37,3.12,3
Jonathan Lynn,0.28,6.29,3.22,7
Marcus Nispel,0.28,5.6,2.34,4
Gavin O'Connor,0.28,6.58,3.69,6
Randall Wallace,0.28,6.53,4.38,3
Pedro Almodóvar,0.27,7.19,3.71,10
Jonathan Levine,0.27,6.18,3.57,5
John Whitesell,0.27,4.88,1.5,4
Richard LaGravenese,0.27,6.4,3.04,4
Juan Antonio Bayona,0.27,6.97,3.94,3
Brian Taylor,0.27,5.7,2.44,4
Peter Howitt,0.27,6.0,2.72,4
Greg Mottola,0.27,6.45,3.23,4
Michael Caton-Jones,0.26,5.95,3.12,6
Bob Clark,0.26,5.06,2.31,9
David Cronenberg,0.26,6.59,3.53,12
Albert Hughes,0.26,6.8,3.44,3
Boaz Yakin,0.26,6.5,3.86,5
Steven Brill,0.26,5.68,2.33,4
Charles Shyer,0.25,5.54,2.88,5
Gil Kenan,0.25,5.83,2.5,3
Justin Kurzel,0.25,6.03,,3
Ron Underwood,0.25,5.95,3.02,4
Alfred Hitchcock,0.25,7.36,3.95,21
William Wyler,0.25,7.3,4.01,5
Harold Becker,0.25,5.96,3.08,5
Ruben Fleischer,0.25,6.33,3.37,3
Kevin Smith,0.25,6.29,3.25,11
James Wong,0.24,5.97,3.33,3
Rod Daniel,0.24,5.32,2.34,4
Miloš Forman,0.24,7.18,3.77,6
David Lean,0.24,7.42,4.26,4
Thomas Carter,0.24,6.38,3.66,5
Sofia Coppola,0.24,6.4,3.29,5
Henry Selick,0.23,6.32,3.08,4
John Guillermin,0.23,5.78,3.02,6
David S. Goyer,0.23,5.5,2.4,3
Gary Goldman,0.23,5.86,3.3,7
Philip Kaufman,0.23,6.61,3.21,8
Tommy Wirkola,0.23,6.17,2.25,3
Luis Mandoki,0.23,5.69,3.04,8
Jeannot Szwarc,0.23,5.57,2.6,3
Simon Wincer,0.23,5.54,2.79,5
Paul Thomas Anderson,0.23,7.16,3.56,7
Alexandre Aja,0.23,5.8,2.38,3
Wilson Yip,0.22,6.98,3.86,4
Michael Ritchie,0.22,6.2,2.71,6
James McTeigue,0.22,6.67,2.94,3
Robert Altman,0.22,6.2,3.47,8
Leonard Nimoy,0.22,5.97,3.4,3
Hideo Nakata,0.22,5.93,2.62,4
Russell Mulcahy,0.22,5.57,2.96,6
Christophe Gans,0.22,6.23,2.89,3
Scott Hicks,0.22,6.45,3.72,4
Ted Kotcheff,0.22,6.47,3.43,6
Kunihiko Yuyama,0.21,6.04,0.5,5
Takashi Yamazaki,0.21,6.88,,4
Carl Reiner,0.21,6.35,3.06,6
Jim Sheridan,0.21,6.94,3.49,7
Jon Avnet,0.21,6.4,3.48,3
George A. Romero,0.21,6.44,3.5,8
Steve McQueen,0.21,7.37,3.92,3
Iain Softley,0.21,6.42,3.28,4
Burr Steers,0.21,6.22,3.37,4
Michael Moore,0.2,6.86,3.53,7
Spike Jonze,0.2,7.22,3.7,4
Tsui Hark,0.2,6.51,3.53,8
Penelope Spheeris,0.2,6.15,3.09,4
John Huston,0.2,6.84,4.06,10
Hideaki Anno,0.2,7.44,3.76,5
Jay Russell,0.2,6.3,3.0,3
Richard Fleischer,0.2,6.01,3.18,8
Nicholas Meyer,0.2,6.32,3.51,4
William Brent Bell,0.19,5.23,3.25,3
Nimród Antal,0.19,6.05,2.83,4
Bong Joon-ho,0.19,7.0,3.86,3
Shekhar Kapur,0.19,6.85,4.14,4
Tom Vaughan,0.19,6.17,2.75,3
Terrence Malick,0.18,6.18,3.53,6
Don Bluth,0.18,7.03,3.33,3
Simon Wells,0.18,6.07,2.65,4
Oliver Parker,0.18,6.03,3.08,3
Danny Cannon,0.18,5.7,2.53,3
Richard Benjamin,0.18,5.47,2.96,9
Paul Haggis,0.18,6.62,3.89,4
Kevin Macdonald,0.18,6.85,3.77,6
"George Tillman, Jr.",0.18,6.75,3.25,4
Charles Martin Smith,0.18,6.05,3.1,4
Warren Beatty,0.18,6.3,3.27,4
Franklin J. Schaffner,0.18,7.08,3.89,4
Dwight H. Little,0.18,5.6,2.81,6
David Koepp,0.18,6.12,3.16,4
A.R. Murugadoss,0.18,6.27,,3
Alain Chabat,0.17,6.13,,3
Til Schweiger,0.17,6.23,4.0,3
David Gordon Green,0.17,5.86,2.84,8
Ronny Yu,0.17,6.12,2.81,4
Kevin Rodney Sullivan,0.17,5.73,3.08,3
Howard Deutch,0.17,6.05,3.22,6
Scott Stewart,0.17,5.57,2.19,3
Bennett Miller,0.17,6.8,3.46,3
Michael Hoffman,0.17,5.9,3.59,5
Cecil B. DeMille,0.17,6.25,3.66,4
John Erick Dowdle,0.17,6.05,2.58,4
John Boorman,0.17,6.59,3.62,8
Paul Mazursky,0.17,5.69,3.5,7
Ted Demme,0.17,6.83,3.25,3
Angelina Jolie,0.17,6.17,2.5,3
Tobe Hooper,0.17,6.38,3.54,4
Nigel Cole,0.17,6.47,3.42,3
Lee Daniels,0.16,6.5,2.81,3
Steve Pink,0.16,5.78,2.7,4
Brad Furman,0.16,6.37,2.5,3
Patrick Lussier,0.16,5.07,2.81,3
Nick Castle,0.16,6.0,3.0,4
David Lowery,0.16,6.37,,3
Eli Roth,0.16,5.34,2.76,5
Geoffrey Sax,0.16,5.6,1.25,4
Jared Hess,0.16,5.5,3.03,4
Scott Cooper,0.15,6.53,3.76,3
Jay Chandrasekhar,0.15,5.65,2.84,4
Francis Veber,0.15,6.45,2.8,4
Paul McGuigan,0.15,6.4,3.06,4
Dennis Gansel,0.15,6.7,3.38,3
Rohit Shetty,0.15,6.6,,3
James Watkins,0.15,6.27,3.75,3
Alex Kendrick,0.15,6.82,4.67,4
Don Roos,0.14,5.8,3.31,3
Jeremiah S. Chechik,0.14,6.13,3.09,3
Richard Attenborough,0.14,6.83,3.51,3
John Schlesinger,0.14,5.18,3.63,6
Stuart Rosenberg,0.14,7.0,3.63,3
Carl Franklin,0.14,6.32,3.45,5
Rob Zombie,0.14,5.4,3.42,5
Sidney Poitier,0.14,6.3,3.5,3
Jean-Marc Vallée,0.14,7.15,3.85,4
Griffin Dunne,0.14,5.52,2.39,4
Richard Loncraine,0.14,5.78,2.71,5
Fernando Meirelles,0.13,6.8,3.87,4
Neil LaBute,0.13,5.65,2.32,6
Peter Yates,0.13,6.57,3.18,6
Oliver Hirschbiegel,0.13,6.42,3.49,4
Mike Flanagan,0.13,6.1,2.83,3
Robert Iscove,0.13,4.7,3.34,3
Reginald Hudlin,0.13,5.55,2.77,4
James Marsh,0.13,7.0,3.5,3
Stanley Kramer,0.13,7.4,3.8,3
Craig Gillespie,0.13,6.5,3.22,4
Niki Caro,0.13,7.12,3.73,4
Jane Campion,0.12,6.22,2.25,4
Lawrence Kasdan,0.12,6.27,3.23,3
Miguel Arteta,0.12,6.03,3.29,3
Barbet Schroeder,0.12,6.48,2.92,4
Tamra Davis,0.12,5.88,2.94,4
Patricia Riggen,0.12,6.6,4.0,3
John Milius,0.12,6.4,3.04,4
Stan Dragoti,0.12,5.67,3.66,3
Fyodor Bondarchuk,0.12,5.55,,4
Nicholas Hytner,0.12,6.25,3.79,4
Wong Kar-wai,0.12,6.88,3.69,5
Denzel Washington,0.12,6.77,3.31,3
Robert Benton,0.12,6.27,3.32,3
Peter Webber,0.12,6.17,3.0,3
Tom McCarthy,0.12,7.2,3.76,4
Zach Braff,0.12,6.7,3.63,3
David Wain,0.12,6.03,2.73,3
David Lynch,0.12,7.36,3.53,9
John Wells,0.12,6.53,2.5,3
John Stockwell,0.11,5.7,2.7,4
Daniel Alfredson,0.11,6.57,3.11,3
Franco Zeffirelli,0.11,6.2,3.32,4
Thomas Gilou,0.11,6.0,,3
Jeff Wadlow,0.11,6.13,2.86,3
William Dear,0.11,5.8,2.78,5
Mark Rydell,0.11,6.53,3.57,6
Stephen Gaghan,0.11,5.83,3.34,3
Don Siegel,0.11,6.82,2.97,6
Jodie Foster,0.11,6.33,2.55,3
S. Shankar,0.11,6.65,,4
Danny DeVito,0.11,6.27,2.95,3
Sam Peckinpah,0.11,6.79,3.38,8
Hugh Hudson,0.11,6.18,3.72,4
Anton Corbijn,0.11,6.6,2.42,3
Kimberly Peirce,0.11,6.37,3.7,3
Jonathan Kaplan,0.1,5.7,3.08,4
David E. Talbert,0.1,5.43,,3
David S. Ward,0.1,5.97,2.67,3
Mike Figgis,0.1,6.02,2.22,5
Bernardo Bertolucci,0.1,6.82,3.55,5
Bryan Spicer,0.1,5.07,2.13,3
Michael Pressman,0.1,5.63,2.63,3
Xavier Gens,0.1,5.43,2.5,3
Lone Scherfig,0.1,6.72,3.92,4
John Hillcoat,0.1,6.57,3.13,4
Alejandro Amenábar,0.1,6.8,3.69,5
Craig Brewer,0.1,6.63,3.08,3
John Carney,0.1,7.57,3.85,3
Matthew Robbins,0.1,6.22,2.57,4
Robert Aldrich,0.1,6.63,3.67,3
Andrei Konchalovsky,0.1,5.33,3.54,6
Michael Lehmann,0.1,5.72,3.05,5
Billy Wilder,0.1,7.68,3.82,11
Mark L. Lester,0.1,5.92,3.22,5
John Schultz,0.09,5.4,3.04,3
Michael Cimino,0.09,6.85,3.53,4
Akiva Schaffer,0.09,6.07,2.5,3
Nicolas Winding Refn,0.09,6.44,3.35,5
Rick Famuyiwa,0.09,6.75,2.32,4
James Ivory,0.09,6.24,3.37,7
Paul Michael Glaser,0.09,6.25,2.97,4
Sanjay Leela Bhansali,0.09,7.33,4.5,3
Arthur Penn,0.09,7.25,3.96,4
Steve Rash,0.09,6.06,3.3,5
Lars von Trier,0.09,7.01,3.83,8
Sean Penn,0.09,6.87,3.56,3
Karan Johar,0.09,7.02,3.0,4
John Ford,0.09,6.76,3.92,10
Michael Winner,0.08,6.34,2.52,5
Brad Anderson,0.08,6.42,3.42,6
Karyn Kusama,0.08,5.52,2.68,4
Ted Post,0.08,6.42,3.14,4
Michael Haneke,0.08,6.98,3.62,5
Martin Ritt,0.08,6.47,3.65,6
Andrew Fleming,0.08,5.84,2.73,5
Charles Stone III,0.08,5.87,2.75,3
Michael Anderson,0.08,6.2,3.33,3
Mark Pellington,0.08,6.0,3.54,5
Fred Schepisi,0.08,6.25,3.22,6
Mark Rosman,0.08,5.97,3.5,3
Gina Prince-Bythewood,0.08,7.3,3.58,3
John Herzfeld,0.08,5.73,1.72,3
Mary Lambert,0.08,5.37,2.58,3
Fred Zinnemann,0.08,7.42,3.88,4
Roland Joffé,0.08,6.16,3.42,5
Peter Bogdanovich,0.08,6.5,3.72,6
Derek Cianfrance,0.08,6.87,3.82,3
Sanaa Hamri,0.08,6.1,2.92,3
Mira Nair,0.08,6.35,3.16,8
Todd Haynes,0.07,6.82,3.77,5
Stanley Donen,0.07,5.68,3.8,6
Rick Rosenthal,0.07,5.52,3.1,4
John Dahl,0.07,6.52,4.01,5
John Crowley,0.07,6.62,4.42,4
Phil Joanou,0.07,6.2,4.0,3
Steven Zaillian,0.07,6.37,3.54,3
George Stevens,0.07,7.1,3.88,4
James Gray,0.07,6.35,3.25,4
Billy Ray,0.07,6.43,3.82,3
John Flynn,0.07,6.1,,4
Randa Haines,0.07,6.2,3.56,4
Kevin Hooks,0.07,5.47,2.75,3
Brett Leonard,0.07,4.95,3.01,4
Jack Smight,0.07,5.6,2.64,3
King Vidor,0.07,6.35,4.33,4
J. Lee Thompson,0.07,5.83,3.28,6
Anees Bazmee,0.07,5.83,,3
Bob Fosse,0.06,6.63,3.12,3
Ernest R. Dickerson,0.06,5.7,2.25,5
Richard Brooks,0.06,6.84,3.38,5
Michael J. Bassett,0.06,5.53,,3
Adam Wingard,0.06,6.0,3.66,3
Ralph Bakshi,0.06,6.23,3.16,6
Christian Duguay,0.06,5.32,3.03,4
Tony Bill,0.06,6.5,2.52,4
Christopher Cain,0.06,5.5,2.84,3
Joseph Zito,0.06,5.33,2.5,3
Robert Lieberman,0.06,5.55,2.0,4
Julian Jarrold,0.06,6.42,3.25,4
Mani Ratnam,0.06,6.02,,5
Park Chan-wook,0.06,7.4,3.52,6
Davis Guggenheim,0.06,6.26,3.36,5
Jim Jarmusch,0.06,7.05,3.5,4
Sheldon Lettich,0.06,6.0,2.75,3
Ken Russell,0.06,6.06,2.61,5
Walter Salles,0.06,6.4,3.55,4
Rian Johnson,0.06,6.73,3.33,3
Mike Leigh,0.06,6.86,3.72,5
Don Taylor,0.06,6.17,2.56,3
Martha Coolidge,0.06,6.02,3.38,5
Mario Van Peebles,0.05,6.47,3.25,3
Brian G. Hutton,0.05,6.77,2.94,3
Shari Springer Berman,0.05,6.37,3.08,3
Graham Baker,0.05,5.27,2.86,3
Douglas McGrath,0.05,6.03,2.41,3
David Mackenzie,0.05,6.52,3.25,6
Albert Pyun,0.05,4.88,,4
James Fargo,0.05,6.23,4.3,3
Andrew Dominik,0.05,6.5,3.44,3
Michael Schultz,0.05,5.4,4.0,4
Carol Reed,0.05,7.1,3.91,3
Richard Eyre,0.05,6.33,2.75,3
Cédric Klapisch,0.05,6.77,3.42,3
David Seltzer,0.05,5.9,3.74,3
Daniel Barnz,0.05,5.97,3.25,3
Bob Rafelson,0.05,5.5,2.5,3
Daniel Petrie,0.05,5.82,2.44,5
Dennis Hopper,0.05,5.9,2.63,3
Jaume Balagueró,0.05,6.27,3.33,3
Cary Fukunaga,0.05,7.3,4.08,3
Greg McLean,0.05,5.5,3.0,3
Fatih Akin,0.05,6.97,4.58,3
John Irvin,0.05,5.67,2.0,3
John Derek,0.05,3.23,0.5,3
Rakeysh Omprakash Mehra,0.04,6.7,,3
Howard Hawks,0.04,7.3,3.58,7
Nicole Holofcener,0.04,6.0,2.83,3
Jocelyn Moorhouse,0.04,6.57,3.39,3
Gautham Vasudev Menon,0.04,7.27,,3
Anand Tucker,0.04,6.33,3.66,3
John Hough,0.04,5.9,3.25,4
Barry W. Blaustein,0.04,6.2,2.38,3
Sergio Leone,0.04,7.9,3.96,4
Jeff Nichols,0.04,6.7,3.23,4
Paul Schrader,0.04,5.94,3.39,8
Stewart Hendler,0.04,5.53,,3
John Sturges,0.04,7.1,3.82,5
George T. Miller,0.04,6.03,3.24,3
Rod Lurie,0.04,6.47,2.8,3
Michael Curtiz,0.04,7.14,4.0,5
J.C. Chandor,0.04,6.6,3.5,3
Mary Harron,0.04,6.2,3.74,4
Joe Roth,0.04,5.53,1.0,3
Ashutosh Gowariker,0.04,7.17,3.69,3
Dito Montiel,0.04,5.82,3.5,5
François Ozon,0.04,6.85,3.7,4
Robert Mandel,0.04,6.6,3.72,3
Peter Sollett,0.04,7.1,3.14,3
Frank Capra,0.04,7.62,3.99,5
Dmitriy Dyachenko,0.04,6.57,,3
Richard Kelly,0.03,6.1,3.43,3
Peter Medak,0.03,5.73,3.3,3
Ken Annakin,0.03,6.33,3.25,3
Ken Loach,0.03,6.88,2.0,6
Paolo Sorrentino,0.03,7.05,3.0,4
Don Coscarelli,0.03,6.27,3.94,3
Hal Ashby,0.03,5.6,4.09,3
Isabel Coixet,0.03,6.6,3.62,4
George Sidney,0.03,7.02,3.5,4
Julian Schnabel,0.03,6.45,3.58,4
Noah Baumbach,0.03,6.57,3.28,6
Costa-Gavras,0.03,6.86,3.69,5
Randall Miller,0.03,6.38,3.15,4
James Ponsoldt,0.03,6.45,3.88,4
Prachya Pinkaew,0.03,6.43,3.5,3
Sarik Andreasyan,0.03,3.97,,3
Ferzan Ozpetek,0.03,6.98,,4
Mike Hodges,0.03,5.83,3.04,3
Marius Balchunas,0.03,4.87,,3
Uli Edel,0.03,5.2,1.75,3
Ram Gopal Varma,0.03,5.95,,4
Asif Kapadia,0.03,6.9,3.8,3
Bernard Rose,0.03,6.2,3.06,5
Terry Jones,0.03,6.1,4.43,3
Stacy Title,0.03,5.27,2.42,3
Uwe Boll,0.03,3.17,0.75,3
Charlie Chaplin,0.03,7.67,4.18,6
Robert Greenwald,0.03,4.9,3.25,3
Elia Kazan,0.03,7.48,4.0,4
Henry Hathaway,0.02,6.7,3.18,3
Martin Davidson,0.02,6.23,3.42,3
David Mamet,0.02,6.55,3.8,4
Werner Herzog,0.02,6.9,3.45,4
Christopher Guest,0.02,6.13,3.56,3
Mike Judge,0.02,6.47,3.23,3
John Waters,0.02,6.1,3.52,4
Tony Kaye,0.02,7.87,4.51,3
Aaron Norris,0.02,4.92,3.0,4
Steve Carver,0.02,5.88,,4
Richard Rich,0.02,5.6,2.6,4
Wim Wenders,0.02,6.54,3.5,7
Michael Winterbottom,0.02,6.35,4.0,4
Julie Delpy,0.02,5.67,2.5,3
Michael Dowse,0.02,6.62,3.56,4
Kazuaki Kiriya,0.02,6.23,1.5,3
Mamoru Oshii,0.02,7.3,4.03,3
James Toback,0.02,4.9,2.94,4
Louis Malle,0.02,7.0,3.68,3
Jesse Peretz,0.02,4.63,3.67,3
Takashi Miike,0.02,6.4,2.9,3
Priyadarshan,0.02,5.43,,3
Shinji Aramaki,0.02,6.7,4.5,3
Franc Roddam,0.02,5.87,,3
Susanne Bier,0.02,6.1,,4
Pablo Larraín,0.02,6.55,,4
John Sayles,0.02,7.03,3.87,3
John Curran,0.02,6.0,3.0,3
Michael Polish,0.02,5.6,3.0,4
Robert Mulligan,0.02,7.17,3.71,3
Andrew Lau,0.02,6.35,4.17,4
Atom Egoyan,0.01,6.48,3.1,4
Jay Oliva,0.01,6.27,,3
Sam Liu,0.01,6.37,,3
Gillian Armstrong,0.01,5.97,1.67,3
Mike Mills,0.01,6.77,3.0,3
Deepa Mehta,0.01,5.92,4.0,5
Adam Rifkin,0.01,6.07,3.0,3
Corey Yuen Kwai,0.01,5.86,4.0,5
Edward Burns,0.01,5.63,2.7,3
Stuart Gordon,0.01,6.2,3.77,4
Ryan Fleck,0.01,6.43,3.38,3
Stewart Raffill,0.01,4.17,,3
Kim Ki-duk,0.01,7.0,3.29,5
Teddy Chan,0.01,6.3,,3
Henry King,0.01,5.77,4.75,3
Vincente Minnelli,0.01,6.87,3.48,3
Steve James,0.01,6.3,3.42,5
Jeff Burr,0.01,5.9,3.25,3
Larry Clark,0.01,6.63,3.82,3
Abel Ferrara,0.01,6.13,3.36,7
Michael Corrente,0.01,5.87,3.03,3
Terence Davies,0.01,6.57,3.38,3
Scott McGehee,0.01,6.2,3.12,3
Arnaud Desplechin,0.01,6.53,,3
Darrell James Roodt,0.01,5.73,2.46,3
Udayan Prasad,0.01,5.37,2.0,3
Rodman Flender,0.01,5.7,2.93,3
Anurag Kashyap,0.01,6.5,,3
Roger Corman,0.01,6.45,3.67,4
Agnieszka Holland,0.01,7.0,3.0,3
Drake Doremus,0.01,6.17,,3
Dominik Moll,0.01,6.47,4.0,3
Alex Cox,0.01,6.7,4.05,3
Andrea Arnold,0.01,6.42,4.25,4
Eloy de la Iglesia,0.0,5.81,,7
Akira Kurosawa,0.0,8.05,4.36,4
Mamoru Hosoda,0.0,7.7,3.94,3
Lynn Shelton,0.0,5.93,3.33,3
Michael Cuesta,0.0,6.77,3.5,3
Ben Wheatley,0.0,6.07,3.38,6
Clarence Brown,0.0,5.67,,3
Olivier Assayas,0.0,6.25,,4
Oren Moverman,0.0,5.5,3.5,4
Xavier Dolan,0.0,7.77,,3
Sterling Van Wagenen,0.0,6.6,,3
Mike Cahill,0.0,6.93,3.42,3
Jamie Babbit,0.0,6.2,3.2,3
Tod Browning,0.0,6.4,4.11,3
Godfrey Reggio,0.0,7.07,2.81,3
Aleksey Balabanov,0.0,6.55,,4
Gregg Araki,0.0,6.18,3.07,6
Alex Gibney,0.0,6.52,4.25,4
Cristian Mungiu,0.0,7.1,4.38,3
Abderrahmane Sissako,0.0,5.77,,3
Gaspar Noé,0.0,6.5,4.21,3
Jean-Luc Godard,0.0,7.17,4.14,6
Kirby Dick,0.0,6.93,4.1,3
Satyajit Ray,0.0,8.0,4.06,3
Jim Mickle,0.0,6.0,3.0,3
François Truffaut,0.0,7.5,4.17,3
Bruce McDonald,0.0,6.5,3.88,3
Ti West,0.0,5.57,2.75,3
Ulrich Seidl,0.0,6.43,,3
