keyword,qtd_filmes,receita_media_mi,nota_usuarios_media
woman director,2947,44.2,3.28
independent film,1894,6.28,3.45
murder,1278,43.48,3.27
based on novel,812,108.25,3.4
musical,723,96.23,3.31
sex,675,31.84,3.22
violence,644,75.8,3.25
nudity,621,31.93,3.27
revenge,616,80.54,3.17
biography,607,47.2,3.48
suspense,576,65.93,3.36
love,559,57.89,3.38
female nudity,546,28.47,3.12
sport,527,50.16,3.19
police,446,49.65,3.37
duringcreditsstinger,440,184.28,2.98
teenager,431,49.15,3.12
sequel,423,227.43,2.7
friendship,401,85.5,3.41
world war ii,389,75.25,3.63
drug,354,29.54,3.27
prison,345,58.21,3.44
stand-up comedy,341,13.53,4.09
high school,312,40.38,3.12
martial arts,307,92.66,3.35
suicide,305,40.92,3.41
silent film,304,10.67,3.87
rape,303,39.47,3.4
film noir,300,8.47,3.7
kidnapping,298,65.88,3.14
family,286,81.58,3.26
serial killer,286,43.55,2.99
monster,277,133.05,3.16
alien,274,174.82,3.16
dystopia,268,144.35,3.27
new york,265,71.48,3.22
blood,263,50.11,3.09
paris,262,89.05,3.44
short,259,26.84,4.07
gay,257,27.29,3.82
marriage,250,55.13,3.3
christmas,244,86.23,3.26
death,242,53.99,3.14
gore,241,57.3,3.11
gangster,241,56.02,3.29
zombie,237,83.02,3.2
small town,236,39.29,3.38
london england,232,96.99,3.4
detective,232,67.0,3.4
aftercreditsstinger,231,232.1,3.15
prostitute,231,41.68,3.29
romance,224,116.52,3.24
robbery,222,52.46,3.3
male nudity,221,41.73,3.29
father son relationship,220,99.15,3.45
vampire,219,108.19,3.07
wedding,219,86.41,3.12
los angeles,218,75.66,3.17
escape,213,102.29,3.25
dog,212,88.76,3.42
holiday,207,101.11,3.14
teacher,205,49.33,3.43
war,204,135.19,3.49
magic,203,255.7,3.25
hospital,202,68.97,3.24
jealousy,196,59.14,3.41
ghost,194,123.07,3.16
remake,193,93.23,2.89
doctor,193,77.65,3.31
music,193,44.9,3.43
island,189,182.45,3.18
party,189,41.97,3.23
spy,183,178.78,3.46
daughter,183,116.39,3.48
new york city,183,84.93,3.33
based on true story,183,56.83,3.58
lgbt,181,17.09,3.83
investigation,180,76.08,3.28
japan,177,71.55,3.59
superhero,175,365.44,3.08
brother brother relationship,174,75.18,3.28
money,174,58.78,3.43
infidelity,174,33.29,3.31
torture,173,69.61,3.27
extramarital affair,173,40.79,3.34
corruption,172,101.34,3.4
coming of age,172,38.58,3.6
wife husband relationship,169,81.67,3.46
nazis,169,79.16,3.65
homosexuality,169,17.13,3.61
adultery,168,54.25,3.56
slasher,167,42.08,2.89
friends,166,62.42,3.37
lawyer,165,78.79,3.33
supernatural,165,57.17,2.84
dark comedy,161,30.47,3.58
college,159,56.9,3.24
student,159,26.32,3.3
scientist,157,135.1,3.06
fight,157,94.15,3.18
england,154,101.19,3.59
france,154,86.34,3.42
based on comic,153,337.85,3.15
secret,152,110.97,3.37
post-apocalyptic,151,115.11,3.31
hotel,150,60.6,3.43
dying and death,149,118.7,3.57
3d,148,424.17,2.88
comedy,147,74.17,3.07
surrealism,147,21.58,3.68
lesbian,147,7.64,3.43
time travel,146,132.56,3.31
based on play or musical,146,60.27,3.58
love triangle,146,49.66,3.67
writer,146,39.69,3.49
gang,145,41.22,3.25
soldier,144,138.99,3.44
politics,144,35.45,3.71
b movie,142,2.16,3.05
school,141,77.58,3.27
beach,141,49.49,3.37
witch,140,192.11,3.3
future,140,173.48,3.27
flashback,140,89.3,3.29
dream,140,85.63,3.47
pregnancy,140,62.55,3.22
family relationships,138,81.17,3.35
obsession,138,73.41,3.37
train,138,58.58,3.31
hitman,138,51.93,3.35
relationship,138,45.45,3.46
mother daughter relationship,137,51.97,3.59
airplane,136,127.69,3.19
survival,136,110.52,3.28
killer,135,73.01,3.06
divorce,135,58.51,3.3
anime,134,74.57,3.54
journalist,133,85.99,3.52
blackmail,130,51.43,3.3
psychopath,129,56.41,3.13
rescue,128,140.81,3.23
demon,128,71.78,3.08
assassin,126,116.53,3.28
best friend,125,130.43,3.16
desert,125,51.98,3.46
tv movie,125,,3.94
drama,124,17.92,3.45
criminal,123,60.25,3.24
children,122,69.69,3.27
reporter,121,82.49,3.36
sheriff,121,42.34,3.13
forest,119,130.58,3.18
mafia,119,51.12,3.22
1970s,118,68.04,3.69
road movie,118,48.48,3.47
prostitution,118,22.35,3.48
hostage,117,104.34,3.28
shootout,116,105.84,3.27
neighbor,116,45.63,3.4
australia,116,32.36,3.3
bollywood,116,20.72,3.58
explosion,115,145.02,3.22
romantic comedy,115,90.36,3.18
singer,115,31.04,3.41
chase,114,73.87,3.21
alcohol,114,54.77,3.36
seduction,114,31.77,3.38
crime,113,90.43,3.35
road trip,113,45.91,3.25
erotic movie,112,90.79,3.23
brother sister relationship,112,86.67,3.37
native american,111,84.26,3.4
sister sister relationship,111,76.58,3.4
spaghetti western,111,8.17,3.93
robot,110,183.87,3.27
baby,110,78.11,3.18
new love,110,78.01,3.23
satire,110,77.03,3.38
gun,110,70.25,3.39
nightmare,110,36.88,3.17
mexico,109,43.02,3.24
conspiracy,108,180.58,3.25
orphan,108,177.89,3.62
army,108,160.86,3.43
racism,108,70.13,3.59
father daughter relationship,107,138.86,3.37
love of one's life,107,133.05,3.34
italy,107,102.77,3.48
religion,107,68.33,3.37
cult film,106,39.89,3.51
widow,106,29.16,3.56
cia,105,127.52,3.25
fbi,105,94.53,3.09
competition,105,91.22,3.01
africa,105,76.85,3.31
priest,104,56.09,3.38
horse,103,74.75,3.48
found footage,103,66.65,2.56
nurse,103,65.83,3.33
alcoholic,103,65.5,3.59
summer,103,40.22,3.31
texas,103,24.19,3.46
animation,102,294.3,3.51
cat,102,90.09,3.34
horror,102,82.22,3.5
motorcycle,102,74.75,3.13
jungle,101,144.11,3.29
village,101,118.45,3.4
hollywood,101,26.7,3.51
betrayal,100,144.84,3.26
spoof,100,48.45,3.15
california,99,90.91,3.27
rural setting,99,68.62,3.46
gambling,99,42.88,3.38
space,97,327.64,3.02
terrorist,97,167.41,3.23
heist,97,113.48,3.27
neo-noir,97,39.33,3.72
marijuana,96,46.49,3.32
eroticism,96,39.77,3.49
super powers,95,304.07,3.35
ship,95,241.36,3.53
funeral,94,53.62,3.55
dancing,93,81.79,3.23
restaurant,93,79.75,3.33
castle,92,160.52,3.56
artist,92,23.18,3.56
werewolf,91,232.55,3.18
samurai,91,108.98,3.66
assassination,91,93.41,3.62
dance,91,64.17,3.44
baseball,91,50.75,3.21
undercover,90,161.81,3.15
haunted house,90,68.75,2.91
thief,90,52.82,3.29
drug dealer,89,57.22,3.39
historical figure,89,39.1,3.37
documentary,89,0.1,4.02
mutant,88,197.36,3.07
rivalry,88,110.75,3.01
car crash,88,72.5,3.11
church,88,50.2,3.31
hero,87,195.72,3.25
china,87,104.63,3.53
kung fu,86,104.31,3.8
brazilian,86,11.08,4.19
helicopter,85,110.76,3.06
fire,85,100.72,2.97
canuxploitation,85,18.19,3.24
amnesia,84,137.87,3.36
professor,84,51.16,3.42
photographer,84,37.64,3.45
incest,84,21.35,3.49
disaster,83,249.97,3.17
curse,83,189.47,2.98
pilot,83,114.49,3.13
author,83,48.9,3.4
cancer,83,46.59,3.31
bar,83,37.13,3.37
depression,82,30.54,3.44
falling in love,81,104.99,3.53
gold,81,101.22,3.36
19th century,81,73.73,3.65
teenage girl,81,43.44,3.52
vacation,81,38.76,2.91
dinosaur,80,276.38,2.93
parent child relationship,80,116.8,3.46
san francisco,80,101.67,3.44
usa,80,78.56,3.32
concert,80,62.31,3.69
nightclub,80,57.58,2.91
farm,79,68.34,3.25
wilderness,79,60.04,3.31
mountain,78,152.78,3.33
experiment,78,72.56,3.36
suicide attempt,78,55.81,3.63
youth,78,51.63,3.13
musician,78,18.84,3.48
princess,77,214.58,3.33
fairy tale,77,205.37,3.05
sword,77,113.07,3.62
car chase,77,110.99,3.09
snow,76,160.87,3.59
cold war,76,84.34,3.41
psychiatrist,76,77.76,3.4
sexuality,76,44.76,3.3
paranoia,76,43.31,3.49
dc comics,75,278.56,3.18
battle,75,245.9,3.39
based on tv series,75,116.12,2.96
dysfunctional family,75,52.35,3.56
police officer,74,45.97,3.05
interview,74,17.15,3.69
gay interest,74,11.98,3.87
world war i,73,84.36,3.61
history,73,68.93,3.56
boat,73,60.92,3.41
giallo,73,0.74,3.56
female protagonist,72,215.9,3.37
based on video game,72,123.54,2.51
bomb,72,97.7,3.41
bank robbery,72,27.68,3.26
decapitation,72,16.55,3.45
miniseries,72,0.87,3.92
spaceship,71,322.81,3.61
gunfight,71,145.98,3.33
faith,71,126.6,3.49
halloween,71,124.66,3.31
alcoholism,71,92.08,3.47
russia,71,66.45,3.24
india,71,35.72,3.4
waitress,71,33.76,3.24
gay relationship,71,14.57,3.87
prince,70,153.69,3.42
fbi agent,70,122.02,3.19
spain,70,100.02,3.66
berlin,70,83.45,3.53
courtroom,70,79.04,3.56
insanity,70,60.38,3.4
soccer,70,48.83,3.6
mystery,70,43.25,3.37
exploitation,70,27.73,3.32
comedian,70,27.58,4.16
pirate,69,281.6,3.21
space travel,69,246.79,3.11
fantasy,69,115.17,3.09
sadism,69,114.56,3.03
terrorism,69,106.6,3.17
father,69,68.35,3.38
sister,69,31.13,3.45
twins,69,18.03,3.27
marvel comic,68,504.23,3.17
astronaut,68,162.09,3.3
revolution,68,118.57,3.66
mad scientist,68,101.7,3.34
outlaw,68,33.83,3.22
on the run,67,144.17,2.8
possession,67,74.6,2.93
boy,67,59.02,3.23
germany,67,43.33,3.9
hoodlum,67,36.66,3.32
experimental film,67,18.41,3.11
car,66,234.82,2.96
bank,66,86.86,3.29
kiss,66,78.43,3.12
terror,66,76.6,3.46
nature,66,71.34,3.53
travel,66,62.54,3.38
sword fight,66,61.97,3.23
japanese,66,49.38,3.41
blaxploitation,66,14.87,3.67
melodrama,66,10.0,3.27
secret agent,65,284.92,3.13
alien invasion,65,214.25,3.2
usa president,65,89.37,3.26
american football,65,67.91,3.17
cop,65,49.3,3.14
extreme violence,65,45.27,3.44
canada,65,22.85,3.57
based on young adult novel,64,214.94,3.12
cyborg,64,161.6,3.58
loneliness,64,57.34,3.75
judge,64,46.73,3.6
mother,64,44.06,3.78
lesbian relationship,64,13.37,3.49
thriller,64,12.33,3.32
organized crime,63,129.14,3.36
military,63,120.68,3.19
mother son relationship,63,109.57,3.33
chicago,63,87.9,3.4
disappearance,63,68.78,3.67
virgin,63,52.07,3.24
prisoner,63,51.89,3.49
car accident,63,35.89,3.24
unsimulated sex,63,3.82,3.67
sea,62,146.29,3.52
fugitive,62,84.53,3.29
casino,62,76.63,3.2
wheelchair,62,61.94,3.58
brother,62,45.39,3.56
apartment,62,43.22,3.23
cult,62,15.43,3.04
evil,61,113.13,2.9
adoption,61,108.42,3.31
civil war,61,103.82,3.62
winter,61,101.59,3.36
1960s,61,84.82,3.51
millionaire,61,79.59,3.31
swimming pool,61,76.11,3.11
circus,61,60.21,3.47
painting,61,51.93,3.28
cheating,61,47.51,3.3
classic noir,61,2.48,3.69
secret identity,60,241.61,3.22
santa claus,60,128.57,3.1
deception,60,88.41,3.21
mental illness,60,73.4,3.33
male friendship,60,72.06,3.23
british,60,53.94,3.55
stalker,60,51.15,3.28
mockumentary,60,50.25,3.1
stripper,60,28.8,3.24
anthology,60,8.63,3.52
queen,59,227.18,3.14
mercenary,59,139.57,2.85
cyberpunk,59,104.32,3.46
airport,59,96.86,3.36
vietnam war,59,95.63,3.53
river,59,85.68,3.76
hallucination,59,66.11,3.26
poverty,59,46.31,3.69
theft,59,39.85,3.79
immigrant,59,34.86,3.51
animal,58,230.38,2.93
vigilante,58,227.82,2.93
outer space,58,185.22,2.94
marriage crisis,58,183.49,3.53
transformation,58,169.3,3.0
submarine,58,146.48,3.47
mobster,58,60.13,3.27
dancer,58,42.85,3.31
shower,58,34.24,3.41
dragon,57,290.75,3.18
computer,57,144.92,3.09
government,57,114.86,3.36
parody,57,71.61,3.35
wealth,57,66.83,3.41
adventure,57,61.54,3.35
femme fatale,57,60.6,3.64
con man,57,50.92,3.56
motel,57,35.58,3.28
treasure,56,179.25,3.47
single,56,169.96,3.61
boxer,56,121.72,3.41
mask,56,91.08,3.09
shakespeare,56,86.16,3.91
poison,56,83.58,3.31
single mother,56,73.66,3.44
science,56,73.2,3.45
scotland,56,60.27,3.54
private detective,56,40.73,3.54
teen movie,56,39.41,2.92
black and white,56,25.57,3.57
android,55,224.09,3.35
slavery,55,89.93,3.49
christian,55,63.26,3.69
newspaper,55,58.63,3.24
politician,55,58.36,3.45
mistaken identity,55,43.64,3.38
slapstick,55,23.82,3.4
art,55,17.83,3.33
shark,54,165.64,2.69
television,54,129.27,3.81
yakuza,54,74.12,3.27
occult,54,54.28,3.27
basketball,54,44.46,3.02
roommate,54,38.42,3.3
girlfriend,54,21.91,3.5
cocaine,54,20.33,3.29
loss of father,53,144.61,3.46
fistfight,53,95.83,3.12
virus,53,93.57,2.65
inheritance,53,83.46,3.17
university,53,80.49,3.4
1980s,53,78.39,3.62
coming out,53,63.56,3.82
court case,53,52.32,3.6
hong kong,53,49.49,3.64
devil,53,48.25,2.83
wife,53,37.63,3.49
grief,53,29.56,3.25
surreal,53,9.64,3.61
gay man,53,6.87,3.65
giant monster,52,193.23,3.21
resistance,52,123.56,3.26
vietnam,52,87.43,3.8
child abuse,52,80.06,3.68
book,52,71.21,3.26
lover,52,67.1,3.77
actress,52,63.9,3.28
bullying,52,56.0,3.28
fear,52,49.12,3.41
memory,52,44.56,3.83
house,52,43.43,3.03
jewish,52,40.51,3.32
hammer horror,52,38.2,3.24
adult animation,52,37.16,3.34
tragedy,52,34.97,3.31
ireland,52,28.95,3.52
illness,52,16.8,3.49
video nasty,52,11.21,3.26
treasure hunt,51,191.57,3.19
isolation,51,117.85,3.67
stop motion,51,71.57,3.49
female friendship,51,64.09,3.26
debt,51,41.52,3.34
trial,51,40.48,3.45
blood splatter,51,39.79,3.38
bank robber,51,29.82,2.94
imax,50,580.5,3.32
moon,50,259.04,3.37
king,50,172.28,3.21
florida,50,112.81,3.31
knife,50,81.37,2.77
based on true events,50,67.18,3.46
lie,50,58.04,3.47
actor,50,35.21,3.5
political,50,27.41,3.48
space opera,49,428.87,3.45
kaiju,49,248.09,2.86
artificial intelligence,49,181.44,3.36
creature,49,176.65,3.44
lovers,49,94.51,3.29
german,49,93.23,3.71
rome,49,88.23,3.47
loss of mother,49,69.47,3.3
narration,49,40.97,3.58
painter,49,22.24,3.6
sweden,49,20.25,3.71
saving the world,48,305.17,3.27
mythology,48,178.53,2.92
frankenstein,48,148.08,3.66
bible,48,126.41,3.37
forbidden love,48,116.98,3.27
training,48,109.4,3.11
weapon,48,103.84,2.98
child,48,97.31,3.5
lovesickness,48,88.16,3.52
prisoners of war,48,83.31,3.54
married couple,48,73.48,3.11
woods,48,73.26,3.13
corpse,48,57.26,3.14
jazz,48,54.86,3.36
masturbation,48,27.06,3.81
rebel,47,191.38,3.7
dracula,47,120.61,3.35
haunting,47,103.63,2.97
alien life-form,47,76.89,3.27
video game,47,76.57,3.23
1940s,47,74.77,3.91
homophobia,47,60.04,3.57
fashion,47,48.97,3.12
nun,47,35.29,3.33
drug addiction,47,34.0,3.44
camping,47,29.82,3.18
voyeur,47,27.83,3.28
series of murders,47,22.94,3.06
korea,47,21.69,2.25
secretary,47,16.52,3.66
shipwreck,46,251.48,3.42
marriage proposal,46,159.29,3.32
brutality,46,104.52,3.15
court,46,83.47,3.67
underdog,46,81.93,3.37
letter,46,80.3,3.51
photography,46,67.78,3.32
city,46,48.91,3.21
cowboy,46,45.99,3.45
career,46,43.48,3.16
french,46,38.47,3.62
punk,46,27.82,3.5
guilt,46,24.75,3.63
epic,45,158.94,3.62
virtual reality,45,101.23,3.28
knight,45,99.69,3.17
taxi,45,82.93,3.39
birthday,45,76.43,3.5
street gang,45,73.64,3.2
cannibal,45,70.83,2.85
taxi driver,45,63.0,3.41
black people,45,57.01,3.31
aids,45,43.09,3.49
psychic,45,42.22,3.09
jail,45,16.89,3.94
greed,45,14.25,3.68
loss of lover,44,194.16,3.62
good vs evil,44,179.63,2.87
snake,44,172.75,3.32
space marine,44,163.25,3.05
apocalypse,44,162.39,3.16
boarding school,44,146.69,3.42
agent,44,130.36,3.03
underwear,44,109.95,3.1
teenage crush,44,107.94,3.45
secret love,44,105.3,3.4
spirit,44,93.19,3.0
film making,44,91.31,3.71
cannibalism,44,73.41,3.38
angel,44,52.78,3.38
dating,44,50.49,3.23
anarchic comedy,44,49.03,3.86
diner,44,37.75,3.3
celebrity,44,20.86,3.36
car race,43,286.28,3.09
animal horror,43,190.86,3.01
ocean,43,178.82,3.47
christianity,43,164.45,3.37
espionage,43,155.87,3.45
royalty,43,146.47,3.17
theater,43,124.93,3.46
storm,43,118.64,3.39
jew,43,102.26,3.51
food,43,76.36,3.43
mansion,43,75.65,3.32
mass murder,43,63.48,3.29
lust,43,54.19,2.96
science fiction,43,53.7,3.51
girl,43,45.51,3.44
male female relationship,43,45.24,3.18
unemployment,43,31.58,3.54
pornography,43,25.49,3.29
brit noir,43,0.6,3.88
mission,42,276.86,3.26
uncle,42,217.42,3.33
egypt,42,174.85,3.42
vietnam veteran,42,144.75,3.44
water,42,134.96,3.04
bridge,42,119.84,3.39
las vegas,42,111.88,2.9
singing,42,106.24,3.39
camp,42,85.74,3.18
strip club,42,85.43,2.76
nazi germany,42,72.57,3.63
becoming an adult,42,58.25,3.56
hip-hop,42,57.42,2.96
african american,42,49.75,3.23
adolescence,42,47.3,3.59
human experimentation,42,45.08,3.05
addiction,42,41.24,3.49
illegal prostitution,42,27.26,3.49
rock,42,23.87,3.36
heroin,42,23.38,3.47
pimp,42,18.3,3.34
beer,42,7.34,2.95
philippines,42,0.44,3.44
bear,41,193.61,3.26
missing person,41,190.69,3.43
museum,41,183.07,3.54
duel,41,131.68,3.12
sniper,41,114.33,3.31
ninja,41,111.49,3.16
southern usa,41,82.26,3.55
ex-con,41,47.67,3.1
maniac,41,29.17,3.35
unrequited love,41,27.47,3.18
new zealand,41,17.32,3.3
brazil,40,197.88,3.48
animal attack,40,190.66,2.85
kids,40,175.7,3.08
radio,40,116.26,3.55
showdown,40,109.24,3.56
philosophy,40,101.29,3.66
"manhattan, new york city",40,92.51,3.2
voodoo,40,91.84,3.16
fisherman,40,86.46,3.44
hacker,40,79.06,3.23
brothel,40,77.47,3.24
psychologist,40,76.61,3.14
russian,40,76.38,3.33
architect,40,64.56,3.0
autism,40,61.93,3.29
bounty hunter,40,59.37,3.38
israel,40,56.23,3.5
crush,40,49.64,3.62
one-night stand,40,48.15,3.24
puberty,40,45.83,3.58
ransom,40,39.07,3.4
bikini,40,32.9,2.49
based on manga,40,31.49,3.02
hell,40,16.75,2.77
italian,40,5.4,3.65
sword and sorcery,39,302.4,2.96
flying,39,213.26,3.28
amusement park,39,205.96,3.33
redemption,39,169.77,3.78
home invasion,39,99.94,2.92
farmer,39,96.52,3.65
journalism,39,95.22,3.61
individual,39,82.83,3.79
smuggling,39,80.17,2.98
age difference,39,71.95,3.71
film director,39,59.61,3.44
psychological thriller,39,52.63,3.44
puppet,39,45.61,3.18
break-up,39,42.3,3.22
cemetery,39,26.65,3.23
disney short,39,,
kingdom,38,275.59,3.28
underwater,38,210.62,3.1
chaos,38,194.29,3.26
gothic,38,190.2,3.24
archaeologist,38,179.96,3.26
supernatural powers,38,152.99,3.03
sherlock holmes,38,148.38,3.7
inventor,38,138.22,3.36
airplane crash,38,133.49,3.03
factory,38,108.95,3.38
sailor,38,106.96,3.7
subway,38,106.08,3.44
trapped,38,92.21,3.09
terminal illness,38,85.35,3.53
thailand,38,76.6,3.03
passion,38,73.26,3.72
bully,38,72.29,3.32
1950s,38,66.49,3.75
madness,38,65.88,3.22
celebration,38,64.53,3.47
holocaust,38,58.73,3.48
identity,38,57.83,3.6
babysitter,38,48.32,3.13
poetry,38,45.49,3.68
runaway,38,32.24,3.3
cabin,38,25.67,3.57
cigarette smoking,38,24.87,3.44
massacre,38,15.66,3.16
poet,38,8.32,3.41
mumblegore,38,3.68,2.97
sexploitation,38,,3.5
volcano,37,200.01,2.86
intelligence,37,142.11,3.11
saloon,37,119.01,3.64
u.s. army,37,92.49,3.03
midlife crisis,37,85.14,3.3
coma,37,83.48,3.57
ambition,37,80.51,3.6
1930s,37,72.83,3.37
lake,37,65.4,3.09
tattoo,37,64.61,3.32
planned murder,37,64.4,3.49
immigration,37,53.38,3.61
survivor,37,50.42,3.45
rock star,37,48.73,3.07
undead,37,47.93,3.16
summer camp,37,40.93,2.85
police brutality,37,38.67,3.4
muslim,37,32.42,3.71
song,37,31.5,3.61
internet,37,29.91,3.26
model,37,15.22,3.54
economics,37,9.1,3.56
anthropomorphism,36,439.06,3.17
monkey,36,207.11,3.37
president,36,156.4,3.02
navy,36,143.33,3.51
cowardliness,36,141.36,3.36
war crimes,36,132.5,3.65
dystopic future,36,117.89,3.27
stranded,36,116.13,3.19
mutation,36,113.45,2.87
soviet union,36,112.63,2.74
drug abuse,36,97.52,3.41
exorcism,36,92.11,3.0
poker,36,88.61,3.57
nanny,36,86.15,3.01
legend,36,77.15,3.68
illegal drugs,36,66.6,3.2
coffin,36,62.93,3.24
beautiful woman,36,57.7,3.06
laboratory,36,51.98,3.39
unsociability,36,51.73,3.64
business man,36,51.03,3.21
hitchhiker,36,47.34,3.23
voyeurism,36,38.29,3.24
hypnosis,36,33.85,3.34
american,36,30.55,3.46
afterlife,35,195.0,3.43
washington d.c.,35,130.61,3.37
drug traffic,35,116.21,3.33
psychology,35,103.45,3.15
europe,35,103.25,2.77
orphanage,35,98.24,3.15
ballet,35,93.72,3.52
movie star,35,89.38,3.15
boston,35,82.98,3.25
peasant,35,72.45,3.63
olympic games,35,68.5,3.31
filmmaking,35,65.99,2.95
upper class,35,63.86,3.55
pistol,35,63.82,3.14
capitalism,35,58.96,3.75
rain,35,58.01,3.83
young adult,35,57.4,3.29
accident,35,53.86,3.45
sexual abuse,35,47.75,3.42
drug use,35,45.13,3.16
hotel room,35,43.82,3.49
ranch,35,43.46,3.3
maid,35,40.2,3.64
rock and roll,35,39.95,3.71
business,35,39.43,3.44
policeman,35,34.78,3.19
carnival,35,29.17,3.7
communist,35,29.12,3.64
opera,35,23.97,3.51
female homosexuality,35,3.81,3.17
pre-code,35,2.18,2.64
swamp,35,0.17,3.34
charlie chan,35,,3.4
traitor,34,283.54,3.34
talking animal,34,263.72,3.31
nasa,34,260.91,3.42
bodyguard,34,155.97,3.18
single parent,34,148.96,3.16
honeymoon,34,137.74,3.03
general,34,128.95,3.18
ambush,34,127.95,3.29
catholicism,34,124.27,3.46
falsely accused,34,118.53,3.58
god,34,108.98,3.24
monk,34,102.13,3.1
son,34,90.67,3.11
atomic bomb,34,84.63,3.21
xenophobia,34,76.22,3.5
diamond,34,72.62,3.1
mind control,34,59.58,2.7
new orleans,34,59.19,3.29
wrestling,34,52.31,2.85
power,34,52.17,3.36
shooting,34,47.23,3.32
therapist,34,43.26,3.23
asylum,34,41.71,2.81
pregnant,34,39.57,3.14
juvenile delinquent,34,26.7,3.35
older man younger woman relationship,34,25.92,3.5
drinking,34,23.43,3.57
society,33,402.71,3.99
period drama,33,205.07,3.45
kids and family,33,185.88,2.94
double life,33,178.35,3.52
ufo,33,164.83,3.23
propaganda,33,150.21,4.0
immortality,33,143.24,2.98
journey,33,134.74,3.51
little girl,33,128.41,3.32
cover-up,33,122.91,3.48
technology,33,110.84,2.94
bride,33,97.59,3.3
ladykiller,33,83.17,3.38
stalking,33,82.05,3.36
tokyo japan,33,76.75,3.4
diary,33,75.25,3.04
tv show,33,70.12,3.42
bus,33,69.15,3.6
resurrection,33,68.17,2.71
widower,33,64.84,3.1
police detective,33,61.91,3.03
music band,33,59.63,3.44
success,33,41.68,3.2
biker,33,41.03,3.17
doppelganger,33,40.1,3.29
manipulation,33,26.67,3.39
relationship problems,33,25.27,3.26
proto-slasher,33,21.69,3.63
chainsaw,33,20.81,3.04
communism,33,19.63,3.54
cruelty,33,19.22,3.62
couple,33,18.64,3.53
rock band,33,8.27,2.74
korean movie,33,2.8,
exotic island,32,312.63,3.21
vision,32,269.53,3.31
mummy,32,213.74,3.64
based on children's book,32,184.6,2.93
fighter,32,137.13,3.16
memory loss,32,136.79,3.59
mayor,32,133.11,3.3
cinema,32,132.5,3.81
wolf,32,125.68,3.52
aviation,32,99.62,2.99
indian lead,32,95.78,3.3
drowning,32,93.91,3.16
disguise,32,88.46,3.1
undercover agent,32,88.3,3.25
humiliation,32,85.98,3.36
earthquake,32,85.9,3.41
infection,32,82.73,2.86
police operation,32,74.67,3.03
cuba,32,73.93,3.56
jesus christ,32,68.57,3.41
schizophrenia,32,68.1,3.61
date,32,64.93,3.24
women,32,61.63,3.33
highway,32,57.53,3.24
drunk,32,56.52,3.38
delusion,32,54.38,3.31
trauma,32,53.85,3.43
south africa,32,50.17,3.94
gypsy,32,48.06,4.04
new england,32,46.11,3.27
education,32,45.57,3.23
axe murder,32,37.52,3.28
gothic horror,32,34.48,3.52
arranged marriage,32,22.8,3.8
south korea,32,19.75,3.06
mexican,32,17.04,3.88
feminism,32,1.4,3.73
captain,31,229.21,3.58
prophecy,31,185.67,3.16
death of a friend,31,166.04,2.66
blindness,31,134.55,3.59
venice,31,121.96,3.49
escape from prison,31,121.65,3.69
love at first sight,31,106.78,3.35
freedom,31,101.8,3.56
countryside,31,88.82,3.58
u.s. navy,31,88.52,3.34
sadness,31,84.94,3.44
surveillance,31,73.32,3.06
shotgun,31,65.48,3.32
drug lord,31,57.96,3.48
truck,31,49.26,3.35
interracial relationship,31,45.53,3.45
cheerleader,31,43.39,2.94
madrid,31,41.77,3.6
parallel world,31,39.57,3.37
arizona,31,36.39,3.64
ritual,31,26.84,2.81
victim,31,26.36,3.27
surfing,31,15.27,3.87
search,31,13.26,3.31
apache,31,8.41,3.55
lion,30,246.93,3.29
spider,30,246.01,3.5
attack,30,231.27,3.13
suspicion,30,152.39,3.5
pig,30,152.12,3.35
greece,30,147.18,3.82
cave,30,138.91,3.55
false identity,30,114.63,3.47
gas station,30,113.14,3.2
hippie,30,104.95,3.46
hawaii,30,102.07,3.53
undercover cop,30,92.17,3.3
teenage boy,30,83.75,3.57
night,30,83.44,3.22
climbing,30,78.89,3.54
nerd,30,73.7,2.99
turkey,30,71.48,3.62
telekinesis,30,60.92,2.78
cell phone,30,59.37,3.2
little boy,30,57.81,3.23
department store,30,57.78,3.26
teen comedy,30,47.27,3.31
homeless person,30,41.97,3.52
tourist,30,40.04,3.64
transvestism,30,38.54,3.68
scandal,30,37.23,3.38
catholic,30,35.36,3.42
older woman younger man relationship,30,34.0,3.15
heavy metal,30,30.54,3.3
childhood friends,30,29.85,3.04
gambler,30,24.62,3.41
childhood,30,11.98,3.61
cattle,30,6.92,3.62
malayalam,30,3.34,
love affair,29,356.11,3.45
black magic,29,308.35,3.24
flying saucer,29,223.92,3.31
sabotage,29,172.5,3.13
godzilla,29,172.3,2.71
expedition,29,170.46,3.42
war veteran,29,140.34,3.71
invasion,29,135.44,3.01
witchcraft,29,129.7,3.15
wish,29,123.77,2.84
swordplay,29,109.23,3.42
combat,29,103.75,3.66
new year's eve,29,98.08,3.14
mission of murder,29,88.64,3.3
loss of family,29,77.78,3.23
fraud,29,70.23,3.69
fate,29,63.65,3.12
drunkenness,29,59.38,3.93
underground,29,58.19,3.51
police corruption,29,53.68,2.97
justice,29,53.04,3.68
fascism,29,52.83,3.86
execution,29,52.78,3.34
desire,29,51.51,2.78
slave,29,44.38,2.81
loss of virginity,29,40.77,3.06
composer,29,40.21,3.67
dirty cop,29,38.0,2.8
rifle,29,37.22,3.63
salesman,29,35.99,3.19
chinese,29,30.71,3.59
stagecoach,29,27.01,3.24
aging,29,25.66,3.51
gunslinger,29,21.27,3.36
rock music,29,18.75,3.82
hustler,29,17.82,3.69
boyfriend,29,13.8,3.98
mute,29,11.32,3.51
lesbian sex,29,1.05,4.0
french noir,29,0.13,3.9
self sacrifice,28,328.61,3.42
spacecraft,28,308.05,3.21
fish,28,281.38,3.37
culture clash,28,270.25,3.43
danger,28,208.4,2.76
mirror,28,172.06,2.69
horseback riding,28,145.17,3.55
anti hero,28,139.38,2.89
end of the world,28,138.53,3.27
emperor,28,130.16,3.28
victorian england,28,126.38,3.65
first love,28,118.35,3.4
mouse,28,108.07,3.23
american civil war,28,103.4,3.26
killing,28,103.02,3.23
alaska,28,102.75,3.4
first time,28,99.42,3.94
convict,28,95.64,3.08
post traumatic stress  disorder,28,90.72,3.71
miami,28,81.17,3.31
suspicion of murder,28,81.01,3.38
fame,28,80.76,3.4
sacrifice,28,79.2,3.0
rap music,28,76.7,2.94
playboy,28,76.65,3.18
lover (female),28,71.1,3.44
fairy,28,69.86,3.59
corporation,28,61.81,3.53
argentina,28,55.23,3.51
comic book,28,51.21,3.41
miracle,28,49.56,3.63
disabled,28,46.23,3.81
murderer,28,43.63,3.35
afghanistan,28,42.18,3.36
gangster boss,28,40.82,3.59
protest,28,39.66,3.67
refugee,28,33.72,3.65
reunion,28,31.58,2.88
medicine,28,31.14,3.28
childhood memory,28,30.37,3.23
ice hockey,28,23.13,3.27
clown,28,22.97,3.58
street shootout,28,21.51,3.64
farce,28,16.66,2.31
summer vacation,28,15.07,3.27
conflict,28,13.17,3.16
stranger,28,10.58,3.64
behind the scenes,28,6.26,3.08
filmmaker,28,0.54,4.14
bowery boys,28,,
tribe,27,383.78,3.49
rebellion,27,337.05,3.54
class differences,27,329.56,3.62
bravery,27,328.25,3.56
prequel,27,264.66,3.15
villain,27,229.89,3.28
plantation,27,227.5,3.72
burglar,27,154.91,3.28
zombie apocalypse,27,138.67,3.31
law,27,124.61,3.44
loss,27,103.22,3.11
demonic possession,27,91.51,3.03
pop star,27,88.02,3.13
single father,27,81.08,3.64
reincarnation,27,73.65,3.03
new mexico,27,73.42,3.32
piano,27,71.46,3.64
adolf hitler,27,68.3,3.58
motorcycle gang,27,61.75,3.38
high school student,27,56.2,3.33
great depression,27,54.14,3.86
photograph,27,53.65,3.45
homicide,27,50.65,3.63
research,27,49.18,3.27
karate,27,46.82,2.83
blindness and impaired vision,27,44.05,3.6
gang war,27,38.24,3.19
ancient rome,27,37.68,3.26
wine,27,33.97,3.06
death penalty,27,32.98,3.5
broadway,27,32.81,3.71
murder mystery,27,27.42,3.65
pop culture,27,27.12,3.48
college student,27,15.34,3.0
rancher,27,11.43,4.02
hunting,27,10.96,3.72
stabbing,27,8.48,3.01
elves,26,448.78,3.75
futuristic,26,405.98,3.33
sorcery,26,314.42,3.32
riddle,26,271.26,3.32
skeleton,26,257.65,3.2
prosecution,26,188.92,3.35
zoo,26,183.77,3.12
bondage,26,147.29,3.57
pianist,26,128.76,3.82
viking,26,127.84,3.26
boxing match,26,123.59,3.3
arrest,26,122.51,3.33
assault,26,104.73,3.44
fighting,26,99.67,2.89
middle east,26,99.42,3.44
security guard,26,97.27,2.89
retirement,26,96.82,3.46
slaughter,26,88.88,2.79
elderly,26,88.0,2.89
anti semitism,26,84.26,3.6
bachelor,26,83.96,3.31
man-woman relation,26,82.76,3.36
company,26,80.71,3.51
underworld,26,79.98,3.25
christmas eve,26,71.73,3.46
darkness,26,66.81,3.38
attempted murder,26,65.17,3.58
double cross,26,64.76,3.08
scam,26,56.75,3.47
denmark,26,56.26,3.5
spectacle,26,54.5,3.37
prank,26,54.42,3.3
live comedy,26,50.5,4.47
diving,26,45.6,3.05
housewife,26,42.73,3.41
butler,26,37.61,3.74
supermarket,26,36.99,3.5
sex scene,26,34.0,2.89
tradition,26,29.68,3.68
smoking,26,29.53,3.47
prohibition,26,27.05,3.33
insane asylum,26,25.1,3.4
ghetto,26,22.16,3.19
severed head,26,19.63,3.34
band,26,13.53,3.32
australian,26,11.06,3.32
mad doctor,26,10.98,3.06
mistress,26,10.42,3.79
political satire,26,9.16,3.31
surprise ending,26,7.71,3.09
transgender,26,6.72,4.2
bandit,26,6.64,4.05
space station,25,228.3,3.14
superhuman strength,25,194.18,2.96
hunger,25,164.1,4.01
hope,25,151.0,3.31
bdsm,25,150.09,2.67
killer robot,25,142.94,3.06
interrogation,25,140.25,3.04
transporter,25,135.34,3.47
partner,25,132.23,3.34
surgeon,25,117.0,3.12
aristocrat,25,105.17,3.55
telepathy,25,98.81,3.04
confession,25,89.4,3.2
wild west,25,87.74,3.07
human animal relationship,25,87.69,3.31
repayment,25,86.84,3.57
scuba diving,25,86.13,3.03
loss of husband,25,84.78,3.48
middle ages,25,82.81,3.7
innocence,25,82.68,3.73
affair,25,75.89,3.69
mississippi,25,72.22,3.59
van,25,71.78,3.43
brooklyn new york city,25,70.97,3.94
job,25,69.91,3.34
mistake in person,25,66.11,3.11
servant,25,64.11,3.74
based on short story,25,57.26,3.54
railroad,25,56.96,4.09
disco,25,52.17,2.94
liar,25,51.45,2.95
camera,25,50.85,3.4
childhood trauma,25,48.39,3.0
yacht,25,46.79,3.22
golf,25,46.68,3.68
morgue,25,43.26,3.26
unfaithfulness,25,39.67,3.1
masked killer,25,38.97,2.96
near future,25,37.91,3.13
novelist,25,35.31,3.06
earth,25,32.13,3.6
drifter,25,25.77,3.31
train ride,25,23.38,3.56
louisiana,25,20.84,3.05
gay lead character,25,17.38,3.17
sadomasochism,25,13.65,3.27
chess,25,4.74,3.43
dual identity,24,241.54,3.33
hostility,24,231.08,3.5
tomb,24,225.51,3.29
tragic love,24,201.84,3.19
sociopath,24,201.38,3.41
secret society,24,200.15,2.83
scotland yard,24,179.77,4.04
mars,24,165.19,2.85
mermaid,24,156.0,3.25
misfit,24,127.38,3.23
lying,24,121.62,2.95
patriotism,24,120.42,3.76
cook,24,113.83,3.14
firemen,24,112.35,2.91
life and death,24,111.29,3.52
kgb,24,110.92,3.49
beauty,24,110.85,3.25
pastor,24,101.08,3.04
fishing,24,93.25,3.4
skateboarding,24,86.33,3.51
guitar,24,83.88,3.64
medieval,24,82.42,3.03
women's prison,24,82.26,3.57
blind,24,81.74,3.29
officer,24,80.58,3.42
sex comedy,24,78.93,2.76
anger,24,78.33,3.53
witness,24,77.6,3.48
oil,24,76.73,3.38
new jersey,24,72.37,3.35
tokusatsu,24,70.81,2.86
skiing,24,68.78,3.33
bisexuality,24,65.42,3.55
old man,24,64.6,3.79
shark attack,24,61.84,2.38
disease,24,60.73,2.74
loss of brother,24,55.8,3.43
buddhism,24,47.53,3.36
loss of son,24,46.77,3.61
ex-girlfriend,24,40.28,3.39
domestic violence,24,37.07,3.34
bangkok,24,36.27,2.77
free love,24,36.14,3.47
low-budget,24,35.53,2.97
twin brother,24,34.1,3.14
prom,24,31.19,2.69
family secrets,24,27.98,3.55
sadist,24,24.92,2.9
health,24,19.99,3.72
dead body,24,19.87,3.18
docudrama,24,19.69,3.84
in the closet,24,7.64,3.42
sexual fantasy,24,4.83,3.55
punk rock,24,0.74,3.53
district attorney,23,318.99,3.11
sorcerer,23,290.44,3.43
gorilla,23,248.91,3.12
bird,23,237.54,3.26
heiress,23,236.53,3.54
extraterrestrial technology,23,177.59,3.15
plague,23,173.27,2.98
game,23,167.87,3.19
warrior,23,162.89,2.94
con artist,23,128.63,3.72
fish out of water,23,117.58,2.78
roman empire,23,115.48,3.33
thanksgiving,23,110.81,3.53
ex-cop,23,80.61,3.23
suspect,23,71.01,3.34
religion and supernatural,23,69.47,2.97
office,23,66.69,3.77
past,23,66.09,3.31
senator,23,65.49,3.82
paranormal,23,65.41,2.62
basement,23,61.92,3.4
literature,23,59.81,3.61
hunter,23,56.77,3.02
false accusations,23,56.76,3.75
1920s,23,55.39,3.77
soul,23,53.16,3.18
heart attack,23,52.45,3.55
cheating husband,23,52.41,3.71
boxing,23,50.06,4.06
film history,23,45.12,3.9
orgy,23,42.9,3.22
movie in movie,23,34.97,3.32
classroom,23,33.88,3.16
beating,23,29.66,3.03
young love,23,28.63,3.32
coach,23,28.48,3.33
menage a trois,23,25.38,3.6
switzerland,23,21.98,3.41
screenwriter,23,20.73,3.67
lsd,23,20.36,3.61
housekeeper,23,19.51,3.67
costume,23,18.17,3.18
marshal,23,12.95,3.6
junkie,23,11.33,3.4
lesbian interest,23,3.83,3.44
new french extremism,23,0.45,3.37
pixar animation,23,,4.08
crime fighter,22,255.49,3.13
turtle,22,246.49,2.78
tiger,22,243.34,3.47
secret mission,22,223.9,3.34
elephant,22,191.69,3.36
mutiny,22,175.32,3.33
key,22,152.62,3.23
bite,22,138.82,3.06
planet,22,134.23,3.28
secret service,22,128.71,3.12
sexual obsession,22,98.3,3.26
pregnancy and birth,22,98.07,3.09
based on graphic novel,22,95.07,3.35
death of father,22,93.89,3.08
moscow,22,93.22,2.94
tree,22,90.55,2.92
train station,22,90.54,3.86
screwball comedy,22,89.22,3.33
prayer,22,83.79,3.67
humor,22,73.63,3.47
monastery,22,72.78,3.42
sea monster,22,69.18,3.13
desperation,22,61.18,3.14
doll,22,58.33,3.48
family conflict,22,58.33,3.53
grave,22,56.06,3.39
irish,22,55.7,3.77
advertising,22,51.38,3.5
strike,22,48.4,3.36
private investigator,22,44.96,2.59
blonde,22,40.91,3.21
ax,22,37.52,3.32
murder hunt,22,36.77,2.61
manga,22,36.54,3.62
child kidnapping,22,35.83,2.91
teachers and students,22,35.72,3.37
loyalty,22,27.22,3.39
pedophilia,22,25.76,3.14
engagement,22,21.43,3.3
socialite,22,18.85,3.68
french revolution,22,15.64,3.52
made for cable tv,22,15.6,4.27
splatter,22,15.52,2.97
working class,22,14.54,3.7
grindhouse,22,12.62,3.22
jewel thief,22,10.1,2.99
unhappiness,22,8.26,3.22
hungarian,22,6.5,3.56
longing,22,4.16,3.21
romania,22,2.66,2.26
child murder,22,1.69,3.78
threesome,22,1.41,3.03
hungary,22,0.31,3.53
mickey mouse,22,,
zatoichi,22,,
wizard,21,706.98,3.64
battlefield,21,286.62,3.72
automobile racing,21,261.57,2.92
dysfunctional marriage,21,220.83,3.49
library,21,213.75,3.54
peru,21,210.07,3.42
man vs machine,21,195.82,3.58
rabbit,21,186.16,3.88
race against time,21,171.33,3.22
illegal immigration,21,167.52,3.65
work,21,160.46,3.56
himalaya,21,157.22,3.42
forgiveness,21,149.43,3.38
tarzan,21,146.39,2.8
dark,21,138.59,2.78
clone,21,120.13,3.08
rage and hate,21,118.76,3.92
plan,21,117.53,3.38
chef,21,109.36,3.11
kitchen,21,108.36,3.38
white house,21,97.89,3.28
disaster film,21,93.83,3.11
iraq,21,86.01,3.53
colombia,21,85.48,3.52
u.s. marine,21,84.7,3.19
slum,21,82.0,3.8
barn,21,81.98,3.01
right and justice,21,81.41,3.65
british army,21,80.24,3.53
child prodigy,21,77.48,3.51
hiv,21,74.11,3.68
from rags to riches,21,73.75,3.73
drug smuggle,21,73.63,3.65
growing up,21,73.07,3.52
film producer,21,69.25,3.56
abuse,21,67.22,3.59
wall street,21,65.76,3.63
minister,21,65.21,3.48
plastic surgery,21,64.06,3.48
flower,21,63.43,3.35
country music,21,63.14,3.62
cooking,21,61.69,3.47
wound,21,57.25,3.3
surgery,21,54.67,3.17
whale,21,52.8,3.24
womanizer,21,52.36,2.98
american dream,21,51.45,3.85
mafia boss,21,51.24,3.31
redneck,21,51.06,3.28
rage,21,50.25,3.29
amazon,21,45.29,3.24
arson,21,44.99,3.4
teenage romance,21,44.35,3.3
mannequin,21,39.74,3.39
patient,21,38.48,3.69
eccentric,21,37.26,3.96
bartender,21,34.14,2.85
iraq war,21,29.47,3.44
breast,21,28.09,2.99
drag queen,21,27.66,3.62
psycho,21,26.92,2.88
very little dialogue,21,26.37,3.28
quebec,21,25.53,3.75
pubic hair,21,25.45,3.2
night club,21,22.98,3.2
truck driver,21,19.56,3.17
psychological drama,21,9.34,2.71
bicycle,21,7.89,3.8
adult humor,21,6.0,4.52
director,21,1.17,3.52
pinoy,21,0.72,
"dragon ball,",21,,3.67
japanese new wave,21,,3.75
marvel cinematic universe,20,772.58,3.67
cartoon,20,349.52,3.54
british secret service,20,347.71,3.41
race,20,320.76,3.35
greek mythology,20,272.09,2.48
strong woman,20,270.82,3.45
austria,20,213.7,3.73
wretch,20,198.96,2.48
cavemen,20,194.59,2.83
christmas party,20,185.29,3.24
18th century,20,182.27,3.54
police chase,20,182.26,3.24
loss of child,20,181.41,3.49
hercules,20,168.93,2.42
katana,20,160.36,3.55
destiny,20,156.04,3.39
ice,20,139.36,3.37
mental institution,20,131.69,3.38
vatican,20,128.42,3.12
buddy cop,20,124.79,3.12
talent,20,123.62,3.43
crocodile,20,121.08,2.9
graduation,20,118.54,3.12
new identity,20,113.21,3.45
group of friends,20,108.66,3.37
prison escape,20,107.32,3.4
ensemble cast,20,107.13,3.05
quarantine,20,103.59,2.84
christmas tree,20,97.09,3.14
racial segregation,20,97.05,3.46
cavalry,20,95.24,3.28
grandfather grandson relationship,20,92.79,3.37
sadistic,20,91.05,3.14
deserted island,20,89.04,3.1
sexism,20,85.04,3.15
supernatural power,20,84.94,2.76
family vacation,20,84.53,2.57
concentration camp,20,78.7,3.49
crime boss,20,71.22,3.09
shanghai,20,69.65,3.74
family holiday,20,65.81,3.09
sorority,20,64.64,3.73
epidemic,20,64.31,3.4
machine gun,20,64.24,2.94
home,20,62.1,3.01
cops,20,61.84,2.93
abortion,20,61.19,3.25
engineer,20,60.44,3.71
return,20,57.18,3.42
athlete,20,56.08,2.75
ambulance,20,55.6,3.51
stuntman,20,52.42,3.41
nonlinear timeline,20,49.64,3.65
captive,20,48.47,3.61
satanism,20,47.93,3.48
magazine,20,44.29,3.49
loser,20,41.36,3.32
inspector,20,39.69,3.1
daily life,20,38.84,3.79
class,20,37.94,3.79
newspaper man,20,36.97,2.8
butcher,20,35.62,3.84
school life,20,34.28,3.2
chauffeur,20,32.51,3.51
ozploitation,20,32.35,3.29
overdose,20,29.85,3.51
black humor,20,29.75,3.34
murder investigation,20,28.36,3.2
death of a child,20,24.97,3.38
sexual attraction,20,24.72,3.38
husband,20,24.3,3.69
graveyard,20,17.58,2.8
fan culture,20,15.1,3.62
anarchist,20,13.83,3.54
bombing,20,10.45,3.7
campy,20,10.09,2.82
social satire,20,8.91,3.24
mumblecore,20,1.94,3.13
tour,20,1.45,3.08
necrophilia,20,0.77,2.53
gay sex,20,0.06,3.95
movie serial,20,,4.0
perry mason,20,,
barbie,19,541.71,3.91
alien planet,19,463.45,3.02
superhero team,19,403.54,2.81
fantasy world,19,310.05,3.22
hurricane,19,286.73,3.17
panic,19,273.22,3.34
fortune teller,19,238.39,3.5
tournament,19,234.94,3.22
steampunk,19,210.06,3.23
toy,19,191.35,3.22
prejudice,19,177.54,3.79
tunnel,19,175.14,3.17
mentally disabled,19,174.84,3.34
theatre play,19,173.17,3.58
disaster movie,19,168.6,3.03
escaped convict,19,167.46,3.13
media,19,166.21,3.4
tank,19,162.53,3.35
show business,19,162.12,3.6
fireworks,19,156.32,3.57
running,19,148.31,3.24
star,19,147.6,3.39
skyscraper,19,147.33,3.21
bus ride,19,145.53,3.74
foot chase,19,144.63,3.08
coup d'etat,19,141.55,3.33
factory worker,19,140.54,3.68
mexican standoff,19,131.39,3.42
mathematics,19,103.22,3.58
rodeo,19,102.31,3.45
radiation,19,99.47,3.62
garden,19,99.35,3.41
orchestra,19,98.88,3.75
iceland,19,94.07,3.57
trainer,19,87.54,3.05
hostage-taking,19,83.6,3.18
mine,19,82.8,3.2
regret,19,81.3,3.68
pain,19,81.15,3.49
dentist,19,80.71,3.21
brain,19,80.26,3.53
elevator,19,76.91,3.9
dictator,19,75.62,3.48
woman,19,74.55,2.96
sheep,19,71.93,3.64
intrigue,19,70.65,3.52
hairdresser,19,70.28,3.33
bet,19,70.25,3.23
theatre milieu,19,67.71,3.63
love letter,19,67.48,3.15
alps,19,58.93,3.59
teenage pregnancy,19,53.78,3.51
seattle,19,53.7,3.51
cruise,19,53.43,3.37
apartheid,19,52.7,3.85
ex-wife,19,51.75,3.18
handcuffs,19,49.84,2.96
social commentary,19,49.81,3.4
violin,19,45.84,3.44
estate,19,45.75,3.56
islam,19,44.61,3.44
political activism,19,43.71,3.61
drag,19,40.31,3.32
pub,19,39.81,3.64
publisher,19,39.76,3.46
self-defense,19,38.67,3.31
financial crisis,19,32.88,3.68
despair,19,31.15,3.75
writing,19,31.11,3.48
stand-up comedian,19,31.08,4.14
preacher,19,30.8,3.21
socially deprived family,19,29.08,3.54
creature feature,19,28.65,2.54
bigfoot,19,26.19,2.39
music video,19,26.08,3.34
family feud,19,25.44,3.56
death of mother,19,24.87,2.67
step father,19,23.16,3.19
hitchcockian,19,21.23,3.31
lighthouse,19,20.9,2.92
global warming,19,20.68,3.47
kansas,19,18.66,3.0
foreign,19,18.2,4.21
suburb,19,18.13,3.64
cult comedy,19,12.95,3.75
poland,19,9.08,3.39
trip,19,7.32,3.86
riot,19,4.63,3.21
psycho killer,19,2.94,3.12
swashbuckler,18,581.65,3.35
giant robot,18,474.98,3.15
fang vamp,18,296.31,2.87
held captive,18,296.24,3.27
natural disaster,18,217.53,2.75
honor,18,157.65,3.18
hand to hand combat,18,151.0,2.82
chicken,18,148.2,3.15
fashion designer,18,141.74,3.62
invention,18,129.82,3.27
governor,18,123.34,3.34
orgasm,18,117.24,3.27
audition,18,116.86,3.25
family's daily life,18,104.65,3.3
avant-garde,18,103.17,3.19
heaven,18,99.09,3.3
lone wolf,18,98.99,3.6
songwriter,18,94.18,3.18
conspiracy theory,18,90.81,3.46
spying,18,89.59,3.22
radio station,18,89.49,3.55
double agent,18,84.13,3.2
settler,18,82.77,3.66
baby-snatching,18,79.37,3.33
witness to murder,18,73.94,3.19
manager,18,73.5,3.23
war on drugs,18,73.48,3.36
montana,18,71.83,3.89
evolution,18,71.01,3.47
time,18,70.33,3.62
young boy,18,68.26,2.91
human trafficking,18,66.17,3.55
suppressed past,18,63.33,3.18
janitor,18,62.42,3.27
deaf-mute,18,62.16,3.4
violent husband,18,61.28,3.31
vandalism,18,59.75,3.06
disfigurement,18,59.74,3.02
one night,18,58.59,3.58
psychiatric hospital,18,56.75,3.73
release from prison,18,56.74,3.51
post world war ii,18,52.94,3.28
catholic priest,18,50.46,3.16
threat,18,49.81,3.57
country house,18,49.0,2.95
true crime,18,44.0,3.66
victim of murder,18,43.7,3.15
high society,18,41.03,3.12
chimpanzee,18,40.74,3.0
loss of wife,18,40.41,3.49
cheating wife,18,40.33,3.47
birthday party,18,39.96,3.87
swimming,18,39.85,2.81
psychopathic killer,18,34.54,3.5
dismemberment,18,32.19,3.41
aunt,18,31.58,3.42
missionary,18,30.6,3.43
night life,18,28.69,3.5
colonialism,18,26.75,3.42
killing spree,18,25.91,3.37
reality,18,25.4,3.85
vegetarian,18,24.33,2.94
octopus,18,22.05,3.07
transsexuality,18,21.61,3.75
britain,18,20.78,3.38
dinner,18,17.5,3.4
deaf,18,17.4,2.82
drug addict,18,14.44,3.01
cult favorite,18,14.31,3.38
buried alive,18,13.8,3.53
vaudeville,18,0.92,3.58
veteran,18,0.09,3.97
giant spider,18,,2.0
poliziotteschi,18,,
child hero,17,375.21,2.54
flood,17,319.91,2.87
games,17,305.06,3.39
rescue mission,17,279.82,3.65
cinderella,17,265.19,3.36
toy comes to life,17,251.89,3.15
invisibility,17,246.12,3.07
ex-lover,17,223.96,3.31
caribbean,17,216.28,2.99
pollution,17,205.27,3.2
auto,17,189.07,3.14
missile,17,177.41,3.2
explosive,17,176.44,3.42
self-discovery,17,171.27,3.64
unlikely friendship,17,166.15,3.27
puppy,17,160.46,2.54
film maker,17,158.07,3.88
symbolism,17,153.82,3.5
laser,17,142.78,2.95
mobile phone,17,142.59,3.53
independence,17,141.38,3.64
pickpocket,17,138.99,3.97
dream sequence,17,132.3,3.51
egg,17,126.08,3.24
satan,17,124.42,3.77
homelessness,17,116.3,4.0
billionaire,17,115.29,2.35
lightning,17,111.31,3.2
self-destruction,17,109.63,3.49
striptease,17,108.06,3.22
greek,17,101.47,3.12
american football player,17,95.06,3.37
classic,17,91.87,3.94
cow,17,88.43,3.25
private school,17,80.46,3.69
genius,17,80.09,3.0
election,17,77.3,3.73
genetics,17,75.78,3.26
horse race,17,75.27,3.83
telephone,17,73.9,3.35
american abroad,17,72.97,3.17
comet,17,72.37,3.27
father figure,17,71.16,3.34
fraternity,17,70.86,3.42
election campaign,17,68.15,3.42
infantry,17,67.02,3.73
evidence,17,65.58,3.53
classical music,17,65.32,3.32
copenhagen,17,64.19,3.97
hidden camera,17,64.12,3.08
banking,17,59.46,3.54
country life,17,58.5,3.34
drug cartel,17,54.73,2.11
stewardess,17,51.93,3.14
meteor,17,47.27,3.0
colonel,17,44.42,3.24
medieval times,17,43.94,3.35
fog,17,42.88,3.33
grandfather,17,42.32,3.5
human sacrifice,17,40.99,2.69
teenage sexuality,17,40.84,3.04
united nations,17,39.95,3.59
throat slitting,17,38.99,3.24
imagination,17,38.39,3.58
racist,17,37.43,3.35
clerk,17,34.13,3.68
rio de janeiro,17,34.09,3.7
christian film,17,33.46,3.5
alcohol abuse,17,31.53,3.28
prison cell,17,29.02,3.95
brainwashing,17,27.42,3.32
motor sport,17,23.84,2.85
lgbt teen,17,17.69,4.06
mixed martial arts,17,13.97,3.61
penis,17,12.61,3.6
finland,17,12.51,3.88
crying,17,11.08,3.7
attempted rape,17,10.96,3.31
mecha,17,10.73,4.12
chile,17,9.83,3.9
skinhead,17,8.82,3.62
exploitation film,17,8.63,4.1
face slap,17,7.76,3.71
norway,17,5.5,3.47
toronto,17,5.29,4.12
explicit sex,17,0.97,2.89
fandom,17,0.95,3.62
iran,17,0.12,4.6
making of,17,,4.13
cgi,16,494.65,3.32
rat,16,434.67,3.16
archeology ,16,309.39,3.3
teleportation,16,292.64,3.01
asteroid,16,284.24,3.39
deportation,16,283.11,3.3
sewer,16,213.4,3.06
sense of guilt,16,213.4,3.75
stone age,16,202.84,2.73
family history,16,167.53,3.46
sailing,16,166.03,3.33
breaking the fourth wall,16,164.16,3.28
amateur detective,16,160.7,3.63
loss of parents,16,153.79,3.07
dangerous,16,152.76,3.76
roman,16,149.0,3.14
friend,16,143.35,3.58
camcorder,16,127.46,3.38
affection,16,124.41,3.52
ball,16,120.58,3.62
suffering,16,119.39,3.28
map,16,116.72,3.36
alternate reality,16,115.03,3.11
performance,16,109.32,3.16
flight,16,108.53,3.12
nuclear missile,16,108.16,3.34
1990s,16,100.23,2.92
fiancé,16,98.49,3.82
drug dealing,16,98.34,3.27
indiana,16,98.3,3.62
heartbreak,16,98.16,3.88
martian,16,93.84,2.69
stupidity,16,93.0,3.26
blackout,16,91.75,3.3
temple,16,91.3,3.23
tropical island,16,90.17,2.99
partnership,16,83.47,3.49
village life,16,78.38,3.82
teenage love,16,75.73,3.8
co-worker,16,75.17,3.07
ambassador,16,70.75,3.2
evil spirit,16,69.63,3.23
australian outback,16,69.18,3.66
contest,16,67.76,3.36
jazz musician,16,67.02,3.53
cross dressing,16,61.67,3.31
alligator,16,58.5,3.6
genocide,16,58.49,3.41
ex soldier,16,57.3,3.07
sergeant,16,55.92,3.58
crash,16,55.32,2.86
wildlife,16,53.26,3.18
stolen money,16,53.1,2.63
mental breakdown,16,51.74,3.22
robber,16,50.39,3.24
rapper,16,48.34,3.1
radio series,16,48.06,3.33
flat,16,47.26,3.32
middle age,16,46.4,3.33
police investigation,16,40.43,3.17
tycoon,16,38.73,4.02
empowerment,16,37.48,3.27
police station,16,37.25,2.85
role reversal,16,35.55,2.92
parasite,16,35.14,3.37
romantic rivalry,16,34.12,2.87
man hunt,16,33.24,3.42
hanging,16,31.92,3.22
crucifixion,16,30.39,2.86
boss,16,29.31,3.18
pool,16,27.98,3.21
grandmother,16,27.78,3.08
long take,16,26.44,3.72
siege,16,22.57,3.18
ex-detainee,16,22.34,3.36
teen angst,16,22.07,3.13
burned alive,16,20.68,3.04
drink,16,20.46,3.87
castration,16,20.04,3.31
music teacher,16,18.62,3.38
controversial,16,14.63,3.58
sexual awakening,16,12.86,3.74
psychic power,16,10.17,3.25
commune,16,7.05,3.96
women's sexual identity,16,7.01,3.55
graffiti,16,4.96,3.4
h.p. lovecraft,16,4.08,3.17
social issues,16,3.79,3.98
oregon,16,2.56,3.2
schoolgirl,16,1.74,4.14
playwright,16,0.04,3.38
1910s,15,573.24,3.26
artifact,15,413.78,3.53
superhuman,15,404.98,3.45
farmhouse,15,363.86,2.91
frog,15,312.02,3.45
adaptation,15,254.58,3.46
u.s. soldier,15,239.82,3.24
prehistoric,15,236.62,2.96
sports car,15,232.54,3.28
liberation,15,228.03,3.07
escapade,15,208.81,2.85
giant,15,208.31,3.21
tension,15,207.43,3.38
ancient world,15,201.1,3.32
destroy,15,176.56,3.4
mentor,15,174.63,3.07
confidence,15,165.8,3.32
geisha,15,162.24,3.69
convent,15,149.51,3.96
car journey,15,149.05,3.16
oklahoma,15,146.44,3.61
multiple storylines,15,141.17,3.31
rise and fall,15,139.53,4.0
live action and animation,15,135.2,3.0
fighter pilot,15,133.78,3.3
giant insect,15,133.05,2.9
catastrophe,15,123.93,3.15
climate change,15,119.81,2.87
guard,15,115.66,3.48
skab under tv,15,113.53,3.37
electrocution,15,107.49,3.01
hacking,15,106.07,2.59
beach house,15,105.15,3.53
police chief,15,104.93,3.13
garage,15,104.63,3.12
tennis,15,104.35,3.62
tv station,15,92.33,3.39
worker,15,87.34,3.66
erotic thriller,15,86.53,2.29
ecstasy,15,86.22,3.56
retired,15,80.85,3.42
belgium,15,79.15,3.36
bomber,15,78.02,3.73
menace,15,77.5,3.12
mother role,15,76.19,3.42
record producer,15,75.43,3.46
motherly love,15,73.52,3.04
hometown,15,72.97,2.76
pokémon,15,70.46,1.86
gossip,15,62.13,3.79
palace,15,60.78,3.46
vororte,15,60.56,4.08
crisis,15,59.99,2.81
play,15,59.31,3.01
extortion,15,58.26,3.03
swordsman,15,57.32,3.08
child murderer,15,57.1,3.72
erection,15,54.19,3.4
shyness,15,49.46,3.77
on the road,15,49.37,3.4
community,15,48.69,3.92
dolphin,15,48.34,2.79
german democratic republic,15,48.12,3.2
true,15,47.67,3.39
spirituality,15,47.09,3.51
racial tension,15,44.48,3.79
commercial,15,43.29,3.32
machete,15,43.02,2.98
attic,15,40.53,3.18
u boat,15,39.57,3.62
rich,15,39.53,3.12
anti-christ,15,39.51,2.73
female vampire,15,38.79,2.7
car mechanic,15,38.38,3.21
jewel,15,38.37,3.83
julius caesar,15,37.92,3.02
cannabis,15,36.85,3.12
urination,15,36.19,3.26
sexual identity,15,34.08,3.8
fetish,15,33.69,3.18
parents,15,33.21,3.82
undressing,15,32.62,3.34
urban legend,15,30.45,3.08
grieving,15,30.1,3.09
istanbul,15,28.86,3.49
delinquent,15,27.73,3.76
presidential election,15,27.61,3.54
existentialism,15,27.04,3.64
controversy,15,25.63,3.33
cousin,15,25.59,3.06
guillotine,15,24.82,3.56
socialism,15,23.62,3.76
pizza,15,22.93,3.42
plant,15,22.59,3.34
peace,15,22.31,3.26
ventriloquist,15,22.22,2.78
emigrant,15,19.62,3.79
therapy,15,19.09,3.36
film industry,15,18.13,3.09
grandmother grandson relationship,15,17.14,3.57
brawl,15,16.8,3.55
girls' boarding school,15,16.61,3.87
north korea,15,16.53,3.1
environment,15,16.0,3.57
punishment,15,14.53,3.57
historical,15,13.78,3.04
arctic,15,12.61,3.97
seance,15,11.07,2.59
sicily,15,9.6,3.63
waiter,15,9.48,3.99
elvis,15,9.42,3.2
gunfighter,15,8.69,3.82
canadian,15,8.67,3.63
pursuit,15,6.08,3.31
softcore,15,6.0,
spanish civil war,15,4.89,3.5
skinny dipping,15,3.56,2.46
slice of life,15,2.09,4.28
quicksand,15,,
silly symphony,15,,
urban,14,350.36,3.48
war on terror,14,344.37,3.19
fictional place,14,264.59,3.23
matter of life and death,14,254.8,3.48
ape,14,249.57,3.29
fort,14,240.83,3.9
commando,14,228.98,3.07
transylvania,14,221.85,3.41
computer virus,14,210.59,2.91
lethal virus,14,177.72,3.22
revolt,14,176.19,3.53
u.s. air force,14,173.99,3.47
oscar award,14,170.89,3.6
farewell,14,161.08,3.86
operation,14,160.99,3.68
space mission,14,160.09,3.24
ouija board,14,160.03,3.01
prehistoric creature,14,146.61,2.91
birth,14,140.94,3.51
card game,14,140.14,3.26
light,14,133.65,2.87
buddy comedy,14,125.65,3.08
arab,14,121.1,3.43
detroit,14,120.56,3.19
videotape,14,118.95,3.07
bad luck,14,116.75,3.45
snow storm,14,115.64,3.4
secret organization,14,113.82,3.42
alienation,14,112.0,2.99
scrooge,14,108.46,3.67
little people,14,108.41,3.28
tap dancing,14,104.58,2.97
framed,14,102.01,2.8
old house,14,99.05,3.13
good and bad,14,96.14,2.79
barcelona spain,14,95.55,3.61
trust,14,91.4,3.24
trap,14,90.37,2.74
witness protection,14,90.19,2.99
horror spoof,14,89.53,2.68
hijacking,14,87.76,3.27
soulmates,14,86.21,3.45
number in title,14,85.29,3.27
blow job,14,84.86,3.26
architecture,14,77.46,3.56
stunts,14,73.82,3.11
popularity,14,72.83,3.26
big family,14,72.33,3.21
limousine,14,71.48,3.28
power outage,14,70.53,3.29
high school reunion,14,69.39,2.85
hiking,14,69.31,3.33
surfer,14,68.41,3.4
restart,14,67.08,3.16
chance,14,65.55,2.85
asia,14,65.36,2.55
condom,14,63.67,2.58
bat,14,63.49,2.29
videoband,14,63.28,3.3
flirt,14,62.46,3.18
japanese culture,14,61.7,
morocco,14,60.79,3.18
idol,14,59.72,2.34
gigolo,14,59.16,2.89
pennsylvania,14,56.64,2.95
in love with enemy,14,54.3,3.86
leukemia,14,52.99,3.69
scholarship,14,51.45,3.21
psychopathy,14,51.01,3.7
insomnia,14,50.52,3.19
social worker,14,49.72,3.44
buddy,14,49.54,3.67
one man army,14,49.17,3.35
trailer park,14,48.72,3.92
bureaucracy,14,48.6,3.74
berlin wall,14,43.71,3.5
voice over,14,42.44,3.54
pacific island,14,41.52,3.07
cult classic,14,40.65,3.63
park,14,40.53,3.23
principal,14,39.74,2.86
bathtub,14,38.55,3.64
blind date,14,36.1,2.61
train robbery,14,35.43,2.76
nostalgia,14,34.99,3.53
alien abduction,14,34.66,3.33
epilepsy,14,32.5,3.38
mining,14,31.98,2.59
south america,14,29.41,3.7
nuclear power plant,14,29.19,3.12
allegory,14,29.05,3.84
high school sports,14,28.32,2.95
union,14,24.56,2.8
step mother,14,23.68,3.72
gritty,14,23.52,3.85
black lgbt,14,23.18,3.94
feminist,14,22.57,2.75
ghost story,14,22.22,3.38
rampage,14,22.21,2.94
province,14,22.19,3.5
korean war,14,21.94,3.52
gun battle,14,21.67,3.69
injury,14,20.88,3.94
uniform,14,20.87,3.9
religious fanatic,14,19.71,3.14
naivety,14,19.54,2.88
burglary,14,19.43,3.58
gambling debts,14,19.36,3.3
impotence,14,19.05,3.59
alternate dimension,14,17.62,3.26
insurance fraud,14,16.42,3.5
disc jockey,14,15.1,3.73
jesse james,14,14.73,2.94
lottery,14,14.11,3.45
campus,14,13.91,3.15
kissing,14,13.24,2.88
jekyll and hyde,14,12.38,4.27
mexican revolution,14,11.15,3.96
teacher student relationship,14,11.07,3.21
promise,14,10.72,3.64
cycling,14,10.7,4.06
coffee,14,10.32,3.27
wales,14,9.41,3.48
black cat,14,9.17,3.54
bourgeoisie,14,8.38,3.73
ukraine,14,7.98,3.29
sex addiction,14,7.43,3.65
butterfly,14,6.11,3.83
family drama,14,5.02,3.0
autopsy,14,3.45,3.38
erotic 70s,14,1.82,3.9
punk band,14,1.2,3.32
revolutionary,14,0.59,4.5
nouvelle vague,14,0.18,3.96
french movies,14,0.02,4.75
disney channel,14,,
showgirl,14,,3.67
tv special,14,,5.0
yugoslavia,14,,3.72
alice in wonderland,13,662.43,3.54
dwarves,13,645.91,3.53
tyrannosaurus rex,13,516.74,3.39
dna,13,407.44,2.93
based on toy,13,368.71,3.6
space battle,13,329.97,3.56
spin off,13,323.04,3.25
wuxia,13,260.9,2.92
wizardry,13,252.8,3.2
tornado,13,249.42,2.47
based on fairy tale,13,243.84,3.12
military officer,13,235.27,3.8
based on myths or folklore,13,230.22,2.93
banker,13,210.05,3.96
uprising,13,206.8,3.53
country estate,13,191.19,3.74
father-in-law,13,183.71,3.04
lost,13,177.89,2.67
arms dealer,13,177.24,3.32
imaginary friend,13,173.72,3.3
drug smuggling,13,170.5,2.16
secret intelligence service,13,167.11,3.44
hologram,13,162.62,3.19
extraterrestrial,13,156.99,2.76
firearm,13,156.24,3.36
gods,13,155.17,2.36
ronin,13,150.96,3.71
framed for murder,13,142.99,3.22
sitting on a toilet,13,140.59,3.32
eiffel tower paris,13,137.27,3.5
17th century,13,135.63,3.59
mountain climbing,13,133.95,3.52
james bond spoof,13,133.05,2.74
maze,13,132.56,3.25
haunted by the past,13,129.14,3.99
laxative,13,128.08,2.62
embassy,13,121.78,3.66
valentine's day,13,120.74,3.12
diva,13,115.97,3.13
cigar smoking,13,114.85,3.76
gun violence,13,113.53,3.59
prague,13,113.02,3.36
philadelphia,13,110.97,3.52
utopia,13,109.93,3.6
massachusetts,13,106.87,3.42
suburbia,13,105.66,3.39
film business,13,104.83,3.66
autobiography,13,99.25,2.14
liquor,13,96.86,3.47
yuppie,13,95.97,3.27
wyoming,13,91.35,4.0
caper,13,91.04,3.63
amsterdam,13,89.93,2.92
blizzard,13,87.56,3.59
slacker,13,81.25,2.87
newlywed,13,79.33,3.28
bee,13,79.09,2.35
environmentalism,13,78.74,2.0
computer hacker,13,75.67,3.08
war in afghanistan,13,74.7,3.7
fake documentary,13,71.17,3.21
musketeer,13,71.08,3.09
gang of thieves,13,70.21,3.85
space invasion,13,69.78,2.66
paparazzi,13,69.69,2.84
shaolin,13,69.26,3.57
pact with the devil,13,68.96,3.29
barbarian,13,66.75,3.42
masochism,13,66.46,3.66
pope,13,64.18,3.25
hold-up robbery,13,63.0,3.15
aggression by animal,13,62.8,2.96
georgia,13,62.47,2.48
atheist,13,60.75,3.45
budapest,13,60.3,3.15
pregnant woman,13,60.09,3.17
montreal,13,59.47,3.58
shot to death,13,58.69,3.14
twin sister,13,57.06,3.09
shopping mall,13,55.65,2.91
jerusalem,13,53.64,3.04
ex-boyfriend,13,52.16,3.04
u.s. military,13,49.17,3.67
jules verne,13,47.46,3.27
counterfeit,13,47.0,3.35
class society,13,44.71,3.77
solidarity,13,42.8,3.98
teaching,13,40.62,2.91
boot camp,13,39.95,3.89
catholic church,13,39.44,3.54
demonstration,13,38.88,3.98
mechanic,13,37.72,2.93
wrestler,13,37.21,3.84
superstition,13,36.64,3.56
old dark house,13,36.6,3.52
arabian,13,35.91,3.82
goofy,13,35.35,2.93
attempt to escape,13,34.65,3.44
female corpse,13,33.62,3.53
blues,13,33.1,3.56
countess,13,32.26,3.85
pedophile,13,32.01,3.64
sleepwalking,13,31.75,3.25
video camera,13,29.87,2.78
insult,13,29.82,3.92
marriage problems,13,29.61,3.52
lolita,13,29.36,3.8
aspiring singer,13,29.31,2.62
wisconsin,13,28.66,3.57
rejection,13,27.0,4.17
pop music,13,25.24,3.2
addict,13,24.54,3.19
nazism,13,23.88,3.56
wax museum,13,23.85,3.11
midnight movie,13,23.38,3.44
inuit,13,22.6,3.24
dominatrix,13,22.29,3.42
woman between two men,13,20.05,3.73
music festival,13,19.64,4.01
cabaret,13,19.18,3.81
waterfall,13,16.47,3.3
whipping,13,15.33,3.12
hooligan,13,14.17,3.55
rabbi,13,13.53,3.4
hypnotism,13,13.13,4.0
toilet,13,13.05,2.85
elementary school,13,12.91,3.5
monty python,13,12.54,4.03
water monster,13,11.91,3.8
rocket,13,11.13,3.37
spanish,13,10.82,3.48
smoking marijuana,13,10.42,3.58
jewelry,13,10.11,3.67
axe,13,8.5,2.0
severed hand,13,8.45,3.29
horror anthology,13,6.09,3.33
unexpected happiness,13,4.6,3.74
emigration,13,4.34,3.87
lgbt history,13,2.9,3.71
porno star,13,2.03,2.98
discovery,13,1.73,3.5
auschwitz,13,1.37,3.82
sword and sandal,13,0.87,1.0
lgbt child,13,0.83,3.81
male prostitute,13,0.63,4.5
anthropology,13,,3.66
concert film,13,,4.5
homoeroticism,13,,3.26
shepherd,13,,3.0
women in prison,13,,
scientific experiment,12,684.51,2.77
blind man,12,404.56,4.0
shaman,12,394.75,3.43
beast,12,371.6,3.46
discrimination,12,365.69,3.28
star crossed lovers,12,362.01,3.38
air force,12,356.83,3.02
detective inspector,12,334.62,3.18
central and south america,12,334.22,3.85
scarecrow,12,334.03,3.38
collector,12,331.52,3.05
sandstorm,12,327.9,3.1
penguin,12,305.53,2.68
feral child,12,298.47,3.39
prehistoric times,12,290.28,3.14
prime minister,12,285.06,3.03
fox,12,283.03,3.81
wartime,12,272.98,3.75
united kingdom,12,266.16,3.76
ecology,12,265.19,3.68
pet,12,264.13,3.45
bakery,12,245.9,3.63
hostage drama,12,244.6,2.68
grizzly bear,12,232.08,3.01
hate,12,226.58,3.92
ancient china,12,219.96,4.03
atlantic ocean,12,216.53,3.7
cataclysm,12,208.16,3.04
paranormal phenomena,12,201.67,3.35
truth,12,193.72,3.21
missing child,12,188.28,2.9
liberation of prisoners,12,181.8,3.31
robin hood,12,181.72,3.46
jamaica,12,177.21,3.23
safari,12,175.37,3.22
workaholic,12,171.49,2.97
stage,12,170.83,3.44
fast food restaurant,12,170.72,3.7
jew persecution,12,167.3,3.72
great britain,12,164.97,3.76
language barrier,12,163.75,3.52
racing,12,159.9,3.38
alone,12,154.23,3.27
heart,12,151.82,3.54
social outcast,12,151.25,3.24
frontier,12,146.09,3.44
prehistoric adventure,12,145.74,3.14
vomit,12,144.5,2.38
obesity,12,141.07,3.59
opposites attract,12,127.43,3.47
mother-in-law,12,126.97,3.5
deceived wife,12,126.68,2.98
bed,12,121.6,3.16
loner,12,120.32,3.31
one-sided love,12,117.95,3.58
Øverste hylde,12,115.88,3.64
buddhist monk,12,115.69,3.3
biological weapon,12,115.04,3.02
bunker,12,114.98,3.32
bullet wound,12,114.78,3.4
writer's block,12,113.9,3.29
heist movie,12,112.04,3.72
radio transmission,12,111.56,3.45
pearl harbor,12,111.53,3.04
bounty,12,110.95,3.68
gift,12,109.39,3.55
religious,12,103.1,3.32
arcade,12,97.43,3.54
family reunion,12,96.56,3.18
death row,12,95.08,3.99
pregnant minor,12,90.23,3.74
imprisonment,12,89.92,3.67
gang rape,12,87.15,3.34
rooftop,12,86.26,3.18
comeback,12,86.1,3.48
sensuality,12,84.81,3.64
retiree,12,84.62,3.57
radio presenter,12,83.68,3.61
texas ranger,12,83.46,3.33
ku klux klan,12,80.49,3.36
metamorphosis,12,79.85,3.44
pakistan,12,79.36,3.37
trucker,12,77.27,3.43
national security agency (nsa),12,77.17,2.99
cloning,12,76.57,3.28
united states–mexico barrier,12,75.08,3.73
rope,12,74.99,4.05
mountaineering,12,73.84,3.45
shot in the back,12,73.56,3.05
racing car,12,72.5,2.6
samurai sword,12,70.36,3.32
suitor,12,69.43,3.59
sports team,12,66.53,3.22
medium,12,65.55,3.44
german shepherd,12,65.41,3.81
picnic,12,62.25,3.36
mental health,12,61.6,3.18
based on memoir or autobiography,12,59.0,3.27
russian mafia,12,58.93,3.18
sexual harassment,12,58.6,2.55
fashion model,12,58.37,3.48
parenthood,12,58.02,3.14
nevada,12,56.17,3.43
military service,12,56.16,3.46
tibet,12,55.45,3.34
japanese mafia,12,53.31,3.13
intern,12,52.25,3.76
best friends in love,12,50.01,3.4
mountaineer,12,50.0,3.48
claustrophobia,12,48.25,3.34
jury,12,47.53,3.27
shadowing,12,47.51,3.61
death by accident,12,45.42,2.61
embezzlement,12,45.02,3.21
adversary,12,42.61,2.52
cultural difference,12,40.41,3.71
hunt,12,40.14,3.33
border,12,38.93,3.08
postman,12,38.85,3.24
activist,12,36.77,3.89
music business,12,34.42,3.37
swimmer,12,33.57,2.0
vengeful ghost,12,32.64,2.08
miner,12,32.2,3.25
southern france,12,31.7,3.94
temptation,12,29.19,3.46
inn,12,29.02,3.36
psychological,12,27.79,3.95
living dead,12,27.51,3.49
violinist,12,26.97,3.4
melancholy,12,25.86,3.73
hood,12,25.71,2.93
dictatorship,12,25.18,4.27
modern society,12,23.05,4.02
group therapy,12,22.97,3.0
arkansas,12,22.62,3.78
harassment,12,21.31,3.14
flirting,12,19.7,2.22
hitchhike,12,19.26,3.51
neighborhood,12,19.25,3.57
psychotic,12,18.94,3.16
morality,12,18.08,3.9
insects,12,15.62,3.34
difficult childhood,12,14.26,3.48
group sex,12,14.04,3.51
psychoanalysis,12,13.12,3.42
crucifix,12,12.82,3.38
totalitarian regime,12,12.06,3.4
boyfriend girlfriend relationship,12,11.6,3.31
police inspector,12,10.88,3.92
nervous breakdown,12,10.28,3.22
disability,12,9.26,3.2
nuclear holocaust,12,9.0,4.0
rebellious youth,12,8.32,3.57
live concert,12,7.97,3.9
two guns belt,12,7.85,3.48
live performance,12,7.0,3.25
postwar period,12,7.0,3.74
cult director,12,5.89,2.64
stage show,12,5.87,3.26
real estate agent,12,5.28,3.11
fetishism,12,4.24,3.74
black market,12,3.26,3.33
religious fundamentalism,12,3.23,3.1
confrontation,12,3.17,3.73
middle class,12,1.58,4.34
youth gang,12,1.25,3.35
bavaria,12,0.93,3.5
gymnastics,12,0.62,2.8
romanian new wave,12,0.34,3.94
psychiatry,12,0.03,4.06
dogme 95,12,0.01,3.76
bugs bunny,12,,
peplum,12,,
anti war,11,2787.97,3.51
hermit,11,775.4,4.12
marine,11,753.16,3.15
broom,11,680.89,3.76
cutting the cord,11,609.06,3.65
perversion,11,571.01,1.92
criminal mastermind,11,557.74,4.25
quest,11,549.44,3.64
chosen one,11,428.61,3.02
ring,11,423.7,3.21
assistant,11,402.08,3.54
destruction,11,398.76,3.36
injustice,11,347.88,3.19
reboot,11,318.16,2.88
gojira,11,266.59,2.9
heroine,11,262.68,3.37
medical experiment,11,259.65,3.31
ancient greece,11,244.92,2.41
art gallery,11,235.3,3.31
insurgence,11,227.6,3.38
suicide mission,11,225.16,3.82
sect,11,218.68,3.11
spanking,11,218.57,2.0
stealing,11,218.07,3.32
fired from the job,11,217.7,3.48
apprentice,11,215.73,3.27
norse mythology,11,212.11,3.14
death of husband,11,202.46,3.4
balloon,11,200.88,3.3
illusion,11,200.67,3.16
vienna,11,193.31,3.78
cairo,11,192.08,3.74
moving,11,186.82,3.5
hamburg germany,11,186.03,3.38
cruise ship,11,175.64,2.53
sibling rivalry,11,171.02,2.98
time machine,11,169.06,3.3
moral dilemma,11,167.46,3.47
expensive restaurant,11,164.45,3.37
mutilation,11,161.52,3.12
pyramid,11,160.6,2.95
pretend relationship,11,157.97,2.88
action,11,156.52,2.43
chimp,11,153.84,2.86
stag night,11,143.77,2.75
ex-husband ex-wife relationship,11,140.43,3.25
opera singer,11,140.02,3.62
alzheimer's disease,11,139.22,3.54
bathing,11,133.83,3.62
body horror,11,129.6,2.66
cage,11,125.72,3.28
surprise,11,121.79,2.94
jewry,11,120.78,3.64
deceit,11,118.0,3.06
supernatural horror,11,117.7,2.54
gold rush,11,117.63,3.9
female martial artist,11,117.0,3.68
overweight woman,11,116.36,2.81
tea,11,115.08,4.25
talking dog,11,114.61,3.21
screenplay,11,113.85,3.56
parole,11,113.68,3.62
cigarette,11,112.86,3.68
dynamite,11,110.67,3.82
resort,11,109.31,2.87
evil doll,11,105.98,2.57
denunciation,11,103.23,3.35
prison guard,11,103.14,3.62
cabin in the woods,11,102.22,3.54
dutch,11,101.53,3.2
king arthur,11,100.91,3.2
nuns,11,100.13,4.01
bronx,11,92.03,3.4
romantic drama,11,91.49,3.67
candlelight vigil,11,91.48,3.4
solar eclipse,11,91.35,3.17
employee,11,90.97,3.37
fool,11,89.35,3.19
corrupt cop,11,89.3,2.96
hijack,11,82.06,3.86
falling from height,11,81.52,3.26
harvard university,11,80.74,3.26
impersonation,11,79.68,2.89
pop,11,77.69,2.92
connecticut,11,75.23,3.5
charles dickens,11,75.0,3.92
marseille,11,74.71,3.65
jack the ripper,11,74.56,3.46
shortage of money,11,72.71,3.3
petrol,11,70.42,3.97
vienna austria,11,69.44,3.22
phantom,11,69.26,3.91
italian american,11,69.18,3.5
bedroom,11,67.34,3.62
job interview,11,66.33,3.37
transplantation,11,65.96,3.86
car breakdown,11,65.61,3.39
north carolina,11,65.17,3.2
webcam,11,64.37,2.5
jurors,11,62.63,3.51
virginity,11,61.27,2.65
stadium,11,60.93,3.62
loan shark,11,60.82,2.99
fanatic,11,60.76,3.46
police car,11,60.55,3.29
national socialism,11,60.42,3.82
martial arts master,11,60.01,3.24
middle east conflict,11,59.46,3.58
nobility,11,58.3,3.16
loss of daughter,11,58.13,3.51
elopement,11,57.48,3.56
arrogance,11,57.44,3.79
auction,11,56.13,4.19
school bus,11,55.92,3.13
chinese mafia,11,53.83,2.88
club,11,52.14,3.69
role of women,11,51.55,3.39
hit and run,11,51.3,3.13
swat team,11,50.85,3.39
talk show,11,50.6,3.05
jane austen,11,50.39,3.39
body-swap,11,50.12,2.6
bigotry,11,49.69,3.19
mysticism,11,49.35,3.35
hunting human beings,11,49.25,2.79
high school teacher,11,47.6,2.56
movie studio,11,47.27,3.8
misogynist,11,46.93,3.51
gym,11,46.7,3.43
deceived husband,11,46.36,3.17
urban setting,11,46.29,3.42
disappointment,11,46.02,3.14
editor,11,45.12,2.84
hot air balloon,11,44.76,3.3
anti-communism,11,43.82,3.57
indonesia,11,42.78,3.6
relatives,11,42.37,4.04
inquisition,11,41.89,3.96
make a match,11,40.58,3.02
netherlands,11,40.53,4.19
unemployed,11,40.06,3.39
pretty woman,11,37.84,3.26
violence in schools,11,37.6,3.58
stoner,11,37.33,3.08
real estate,11,36.99,3.56
provence,11,36.75,3.59
dam,11,36.07,3.59
war correspondent,11,35.94,3.95
pot smoking,11,34.84,3.8
snuff,11,32.48,2.67
billy the kid,11,32.07,3.41
bishop,11,31.51,3.59
mall,11,31.45,2.85
frankenstein's monster,11,31.12,4.02
riverboat,11,30.5,3.08
george w. bush,11,29.51,3.87
exhibitionism,11,29.09,3.12
bad cop,11,28.98,3.37
police officer killed,11,28.03,3.75
joint,11,27.77,3.28
poor,11,25.75,4.12
urban life,11,23.35,3.77
shelter,11,21.68,3.83
based on short film,11,21.59,3.81
opression,11,21.17,3.33
bagdad,11,21.04,3.85
salesclerk,11,20.21,3.87
16th century,11,20.06,4.31
valet,11,19.88,3.68
ohio,11,19.71,3.86
boredom,11,18.82,3.66
neo-nazi,11,18.8,3.53
sexual desire,11,18.22,4.0
misunderstanding,11,18.03,2.63
pakistani,11,17.9,3.06
english,11,16.59,4.11
school teacher,11,16.05,2.96
chinatown,11,15.37,3.44
religious education,11,15.24,3.67
lingerie,11,14.97,3.56
napoleon,11,14.04,4.12
folk music,11,13.26,3.66
strangulation,11,12.37,3.6
living together,11,12.22,3.69
exile,11,10.17,4.06
post war,11,9.84,3.11
ski,11,9.75,2.71
capital punishment,11,8.68,3.75
iranian,11,8.67,3.87
remake of malayalam film,11,8.5,
roadhouse,11,8.46,3.43
reading,11,8.36,3.58
rehabilitation,11,8.32,4.05
critic,11,7.48,3.19
culture,11,7.06,3.01
poker game,11,6.05,3.36
lieutenant,11,5.49,2.97
christmas horror,11,5.46,2.75
leprechaun,11,5.41,3.52
baron,11,5.34,3.33
sexual violence,11,5.02,2.87
mormon,11,3.7,4.13
cafe,11,3.24,2.98
apple,11,2.24,3.95
nymphomaniac,11,2.07,3.84
rock concert,11,2.01,4.17
helsinki,11,1.82,4.17
elvis presley,11,1.81,3.04
outback,11,1.73,3.92
human vs nature,11,1.49,3.8
inspiration,11,1.46,
count,11,1.01,3.84
kickboxing,11,0.86,3.5
singapore,11,0.3,3.5
jewish life,11,0.26,3.04
animated short,11,,4.75
bulldog drummond,11,,
donald duck,11,,
experiment gone wrong,11,,1.66
small community,11,,3.0
trick film,11,,
orcs,10,897.96,3.86
malibu,10,572.35,3.68
gotham city,10,532.83,3.32
fairy-tale figure,10,491.48,3.5
titanic,10,477.34,3.4
toys,10,469.16,4.03
tragic hero,10,383.61,3.7
electricity,10,361.14,3.25
hiding place,10,337.85,3.38
giant snake,10,334.53,2.53
archery,10,333.17,3.48
suitcase,10,325.81,3.33
ancient egypt,10,321.69,3.03
heir to the throne,10,314.28,3.18
senate,10,303.01,3.29
volleyball,10,287.75,3.49
space centre,10,285.59,3.73
nuclear weapons,10,255.43,3.32
film,10,248.0,3.68
colony,10,243.84,3.69
adventurer,10,234.97,3.65
cobra,10,227.38,2.46
garbage,10,226.81,2.88
sun,10,225.19,3.34
parachute,10,220.86,3.78
rose,10,220.51,3.64
old flame,10,215.39,3.5
django,10,212.69,3.98
flooding,10,208.62,3.04
evacuation,10,208.09,2.97
another dimension,10,204.83,3.49
doomsday,10,202.79,3.12
sailboat,10,202.29,3.09
black hole,10,201.35,3.1
antarctic,10,195.78,3.78
dark fantasy,10,192.24,2.62
magical object,10,190.02,2.64
poacher,10,187.82,3.53
trapped in space,10,186.76,2.99
western,10,184.35,3.15
clowning,10,182.17,3.25
capture,10,181.23,3.43
investigator,10,179.72,3.2
invisible man,10,178.03,3.02
navy seal,10,176.36,3.13
satellite,10,169.52,3.17
ant,10,168.58,3.26
20th century,10,159.62,3.78
new home,10,157.94,3.51
politically incorrect,10,154.16,3.02
persia,10,152.46,3.24
evil child,10,152.13,2.74
nazi occupation,10,147.66,3.65
gladiator,10,146.93,3.77
transport of prisoners,10,144.0,3.28
marine corps,10,143.67,3.2
hand grenade,10,142.67,3.29
veterinarian,10,142.11,2.97
warrior woman,10,141.66,3.71
death sentence,10,137.82,3.78
mob boss,10,131.6,3.45
treason,10,131.19,3.55
munich,10,130.36,4.09
tv news,10,129.47,3.54
portal,10,129.15,3.43
luxury,10,126.96,3.33
submachine gun,10,126.93,2.72
brain tumor,10,126.65,3.63
florist,10,125.34,3.41
kentucky,10,124.88,3.43
street race,10,119.17,2.84
dance performance,10,119.02,2.9
bookshop,10,117.36,3.76
deadly,10,117.3,3.46
materialism,10,116.66,3.71
burma,10,113.24,2.64
advertising executive,10,112.72,3.09
farm life,10,112.03,3.79
chocolate,10,111.7,3.66
loss of friend,10,107.14,2.2
press,10,106.58,3.12
ex husband,10,106.56,2.83
mourning,10,106.19,3.26
war hero,10,105.12,3.48
career woman,10,104.28,2.57
security camera,10,104.08,2.76
governess,10,100.83,3.59
royal family,10,99.06,3.5
wedding vows,10,97.26,3.44
mathematician,10,96.37,3.76
father murder,10,95.16,3.82
governance,10,91.44,3.01
rapist,10,91.29,2.75
video,10,89.62,3.23
men,10,86.02,2.72
electric chair,10,85.25,3.11
vampire hunter,10,85.2,2.43
conspiracy of murder,10,82.67,3.59
indian territory,10,81.21,3.38
mythical creature,10,80.78,3.06
damsel in distress,10,78.46,3.15
laptop,10,75.7,3.43
alcatraz,10,74.66,3.57
music record,10,73.07,3.79
multiple personality,10,71.66,4.15
special unit,10,71.27,3.05
cheerleading,10,71.24,2.92
argument,10,70.32,3.5
manhunt,10,70.0,3.69
safe,10,69.43,3.2
trapper,10,69.3,4.04
hiding,10,68.71,3.81
young woman,10,68.26,3.81
stock market,10,67.71,2.95
loss of sister,10,67.21,3.33
young people,10,64.38,3.69
stolen cars,10,63.31,3.39
poltergeist,10,61.88,2.32
dance hall,10,61.57,4.04
brotherhood,10,61.19,2.33
civil rights,10,61.16,4.0
aquarium,10,61.15,2.97
italo-american,10,60.77,3.69
parrot,10,60.47,3.14
relation,10,60.34,3.12
tears,10,59.39,3.48
biology,10,58.65,3.66
agriculture,10,58.53,3.25
insecurity,10,58.28,3.88
childlessness,10,58.02,3.44
bank heist,10,57.8,3.76
arbitrary law,10,57.75,3.48
bombay india,10,57.72,3.98
mexican american,10,55.91,3.11
sniper rifle,10,54.59,3.53
television producer,10,54.3,3.33
pregnant wife,10,53.88,2.55
battle for power,10,53.46,3.59
wrongful arrest,10,52.93,3.4
producer,10,52.56,3.17
ghost town,10,51.79,2.46
sin,10,51.58,3.36
control,10,50.34,3.29
spell,10,49.59,3.73
troubled teen,10,48.53,3.06
war propaganda,10,47.83,3.58
grandmother granddaughter relationship,10,46.94,3.32
guru,10,46.38,2.7
envy,10,45.91,3.26
tent,10,45.17,3.78
baseball bat,10,44.66,2.89
owl,10,44.5,3.17
tuberculosis,10,43.73,3.75
john f. kennedy,10,43.2,3.53
dark humor,10,39.53,3.17
makeover,10,39.43,3.18
paraplegic,10,39.11,3.75
impostor,10,38.32,3.41
bipolar disorder,10,38.31,2.96
london,10,37.92,1.5
alter ego,10,37.04,2.6
rumor,10,36.4,3.38
colorado,10,35.8,3.12
bathroom,10,35.63,3.56
bankrupt,10,34.65,3.09
guest,10,33.74,3.82
missouri,10,32.71,3.2
tutor,10,31.21,3.86
gallery,10,30.49,3.67
ballet dancer,10,30.48,3.56
metropolis,10,30.16,3.63
bag of money,10,30.12,3.7
fall,10,30.08,3.08
broken engagement,10,29.79,3.63
unwillingly pregnant,10,29.74,3.4
con,10,28.92,3.16
domestic abuse,10,28.48,3.61
sydney,10,27.17,3.03
metal,10,26.95,3.6
turn of the century,10,25.65,3.46
brother-in-law,10,25.18,3.74
studies,10,23.38,2.86
storytelling,10,23.0,3.61
grave digger,10,22.96,3.77
hillbilly,10,22.65,3.43
colonisation,10,21.72,3.63
slow motion scene,10,21.55,3.16
siamese twins,10,21.3,3.38
mental disease,10,21.2,3.3
euthanasia,10,21.02,3.94
delinquency,10,20.49,3.1
look-alike,10,20.48,2.33
torture chamber,10,19.69,4.14
mental hospital,10,18.99,3.02
groupie,10,17.91,2.84
contract killer,10,17.1,3.12
lecture,10,16.93,3.06
punched in the face,10,16.35,3.82
illegal immigrant,10,16.01,4.0
toxic,10,16.01,2.84
construction,10,15.58,3.77
black,10,14.6,3.64
suicidal,10,14.42,3.46
girls with guns,10,12.95,1.5
conversation,10,11.39,3.18
loss of sense of reality,10,10.83,3.88
fashion photographer,10,10.69,2.86
flashback sequence,10,10.44,4.6
champagne,10,9.63,3.18
crime scene,10,8.66,3.56
psychiatric,10,8.62,3.22
nationalism,10,8.14,4.13
palestine,10,7.24,4.46
will,10,7.1,4.33
attraction,10,7.0,3.46
computer animation,10,6.8,3.5
possessed,10,6.34,
driver,10,6.05,4.43
fan,10,5.8,3.91
bisexual woman,10,5.34,2.69
confederate,10,5.28,2.42
french resistance,10,5.07,3.75
classic horror,10,4.77,4.17
bath,10,4.63,2.82
bisexual,10,3.81,3.3
transplant,10,3.71,3.13
paralysis,10,3.49,3.51
drought,10,3.23,4.19
barber,10,3.17,1.5
posse,10,2.84,
folklore,10,2.43,3.62
female masturbation,10,2.34,4.0
hitchhiking,10,2.14,3.44
innuendo,10,1.24,2.5
drug scene,10,0.88,3.28
psychedelic,10,0.75,4.5
homeless,10,0.54,2.75
gestapo,10,0.2,3.58
the beatles,10,0.08,4.01
gay son,10,0.02,3.33
adult,10,0.0,
serbia,10,0.0,4.0
amputation,10,,3.56
anorexia,10,,3.75
bar shootout,10,,3.62
carry on,10,,
japanese cyberpunk,10,,3.31
marx brothers,10,,3.48
tv,10,,3.25
wagon train,10,,3.88
